STATION	LONGITUDE	LATITUDE	NOISE(NM/S)
IV.MOCO	15.158	41.370	273.192
GU.RNCA	8.951	44.471	197.140
HA.MRTH	23.941	38.123	138.809
Y5.BH05A	18.585	43.170	232.628
KO.ANTB	30.654	36.900	232.872
4P.IT02A	8.361	45.623	186.836
NL.ZH032	4.400	51.978	1854.330
EE.ARBE	25.984	59.437	608.027
HP.AMPL	21.213	38.922	144.169
IV.OPPE	11.172	45.308	226.162
HL.EVR	21.811	38.917	166.159
FR.LAJAS	3.221	43.970	875.003
IV.CAPA	15.817	41.158	185.733
CH.ZUR	8.581	47.369	315.085
NL.G302	6.895	53.279	1777.198
HC.KTRS	22.136	36.926	186.774
CZ.STAC	15.300	49.030	146.778
SL.CRNS	14.261	46.081	113.381
FR.BANN	4.156	44.369	285.285
FR.SURF	6.812	44.481	221.478
Y8.RO22A	24.817	45.765	94.802
HP.VLX	22.379	37.370	137.003
NL.ENV1	6.634	52.894	4093.453
NL.DR021	6.508	52.703	1700.314
TH.FRAU	12.317	50.695	170.510
HL.ZKR	26.217	35.115	335.307
NL.N024	6.453	53.072	1533.891
NL.G644	7.038	53.221	1814.461
FR.OSSF	-1.262	43.256	172.442
NO.NB203	11.168	61.011	233.887
FR.BIMF	-3.202	47.327	602.149
RO.TESR	26.649	46.512	29.057
BQ.BNS	7.175	50.963	238.281
KO.KCTX	28.335	40.263	91.654
FR.DAUF	-0.353	47.660	429.826
IV.CSOB	14.144	40.826	263.002
NL.FR024	5.930	52.856	1884.629
Y8.RO03A	23.876	44.777	250.693
IV.ESAL	15.134	37.755	246.084
Z6.A267A	18.482	46.946	158.993
NL.G341	6.765	53.253	1917.329
GU.GORR	9.293	44.607	181.709
HE.OUF	24.731	64.367	220.482
TH.WARTH	10.318	50.845	162.467
NL.G454	6.764	53.200	1665.009
NL.PPB1	4.670	52.653	4137.947
NL.ZH071	4.295	52.104	2005.972
PL.BEL	20.789	51.836	15502.699
IV.IPAI	14.725	36.912	110.977
IV.PRMA	10.313	44.764	422.984
NL.G553	6.846	53.143	1909.214
NL.VBG4	6.669	52.544	4469.923
CH.BERGE	0.000	0.000	nan
HE.HEF	23.664	68.406	619.193
GR.GRC1	11.520	48.995	160.749
IV.MBAL	10.859	45.698	170.184
IV.PLAC	16.438	38.449	83.024
NL.T031	6.792	52.430	1765.833
RD.RJF	1.516	45.304	317.951
IV.CSFT	14.140	40.829	248.101
KO.EDC	27.862	40.346	92.580
RD.LOR	3.859	47.268	305.892
IV.SIRI	15.867	40.182	132.361
NL.G112	6.889	53.367	1761.673
HA.DOMV	22.980	38.257	116.654
3D.OEM4	14.942	38.410	217.198
TU.ANDN	36.345	37.580	215.561
GU.GBOS	7.840	44.242	162.021
IV.FAVA	13.660	37.329	395.732
HT.TYRN	22.233	39.711	115.290
Z6.CP05A	20.248	49.513	176.370
GU.EQUI	10.153	44.166	107.270
NL.G283	6.729	53.272	1939.228
NL.G074	6.546	53.395	2003.917
NO.NAO05	10.819	60.851	254.728
NL.NIW4	6.043	53.355	4298.521
HP.FSK	20.562	38.459	717.890
FR.STR	7.763	48.580	565.027
CH.MESRY	6.308	46.347	444.952
GE.PABE	23.968	55.505	178.596
NO.NC301	11.490	61.276	114.262
IV.QLNO	8.346	44.324	182.250
Z6.GMRK	21.220	42.659	100.710
TH.LUHNE	10.419	51.254	159.805
FR.LOUF	-1.286	48.676	513.724
IV.EVRN	15.136	37.689	162.576
CH.ILLEZ	6.940	46.219	284.690
OE.WTTA	11.636	47.264	163.111
Y8.PL06A	22.137	49.594	171.660
QE.HNA1	4.956	60.613	487.050
NO.ARD7	25.471	69.529	399.198
NL.G532	7.080	53.167	1928.160
IV.MABI	10.514	46.055	11.895
NL.G491	6.731	53.176	1908.670
SL.ROBS	13.509	46.245	93.771
SI.ROSI	11.412	46.928	152.132
NL.G384	6.548	53.201	1828.030
FR.BLAF	6.045	43.951	395.911
GR.HAM4	10.239	53.479	379.349
XP.FR10A	0.895	45.982	376.634
EI.IMAY	-9.380	54.161	1842.512
NL.G173	6.636	53.336	1808.565
NL.G681	6.635	53.235	1793.690
FR.PLEF	-2.333	48.494	612.671
Y8.PL27A	18.709	49.902	377.044
RO.BIR	27.644	46.233	243.315
OX.AGOR	12.047	46.233	119.124
IV.CERA	14.018	41.598	132.805
NL.G363	6.924	53.265	1672.557
FR.CLMF	-0.196	45.523	417.403
KO.IKL	33.684	36.237	103.982
XP.FR31A	4.528	44.051	371.127
PL.GKP	17.237	53.270	56.823
KO.HRTX	29.673	40.801	157.367
FR.OGMY	5.889	45.881	346.561
NL.G194	6.817	53.338	1864.962
NL.L2077	6.974	52.757	1814.552
OE.BIOA	13.638	47.691	138.239
IV.ROSPO	14.931	42.236	2668.578
IV.STRG	15.215	38.810	180.354
NO.NC604	11.396	60.726	228.460
NL.G264	6.546	53.282	1965.244
KO.ADVT	29.738	40.433	100.504
NL.G093	6.725	53.388	1916.660
FR.REYF	-0.393	43.068	186.485
NS.GILDE	14.190	66.929	212.497
CH.SENIN	7.299	46.363	291.931
Y8.PL18A	20.506	49.970	162.212
1Y.GR17	21.631	39.734	168.879
1Y.GR09	23.687	40.660	97.435
GR.GRA3	11.317	49.761	222.594
HP.PYL	21.742	36.895	245.145
IV.GIUL	13.255	41.558	nan
NL.G571	7.022	53.135	1899.048
Z6.HU12A	20.827	47.183	381.563
1Y.GR32	22.988	36.967	138.398
CH.VANNI	7.597	46.210	224.510
NL.VBG3	6.669	52.544	3958.881
GE.PSZ	19.894	47.918	117.033
EI.IWEX	-6.774	52.374	1455.709
HU.BUD	19.020	47.483	124.466
FR.HOHE	7.484	48.659	321.890
NO.ARB1	25.508	69.538	417.128
NL.G554	6.846	53.143	1860.692
IV.CRTC	12.883	43.768	179.293
FR.SJAF	2.876	42.483	182.894
Y8.RO13A	24.792	43.830	128.826
MD.KIS	28.817	46.998	120.068
MN.KLV	22.150	38.044	122.695
NL.G241	6.856	53.290	3299.732
RO.SCHLR	27.831	45.470	125.501
NS.STEI	15.242	67.930	282.655
IV.ENIC	15.022	37.631	182.190
Z6.A365A	10.733	48.165	233.370
FR.CSCF	1.615	47.644	403.126
KO.SLVT	28.210	41.229	547.226
FR.OGVA	6.682	46.330	361.836
CH.BNALP	8.425	46.870	335.944
Z6.CP15A	20.521	48.557	110.260
NL.FR023	5.930	52.856	1840.313
FR.GARF	1.591	46.515	397.078
NL.G012	6.731	53.443	1915.376
KO.KURC	32.743	41.846	136.197
NS.RAUS	14.042	66.436	213.845
NL.GK021	6.293	53.301	1940.208
NL.G453	6.764	53.200	1660.094
OE.CONA	15.862	47.928	149.884
GE.FALKS	11.265	51.682	158.438
FR.ADHE	4.770	44.374	376.418
NL.G202	6.895	53.335	1757.861
GR.FUR	11.277	48.164	245.953
GB.CLGH	-6.111	55.083	1231.161
Z6.A141A	11.849	47.753	458.371
FR.NEUF	6.025	49.325	317.699
Y5.BH15A	18.465	45.058	333.448
BW.RTSH	12.850	47.754	311.725
CA.POBL	1.083	41.379	180.755
HU.PSZ	19.894	47.918	117.033
Z6.AL05A	20.392	40.705	254.195
IV.SLCN	15.633	40.390	129.021
NS.BLS5	6.457	59.423	422.697
NO.NB204	11.158	61.050	251.147
IV.VCRE	14.431	40.819	205.949
HP.AXS	21.376	38.196	146.661
NL.G643	7.038	53.221	1952.476
HT.LKD2	20.658	38.789	789.431
NL.N023	6.453	53.072	1681.300
EI.IGLA	-9.375	53.419	2281.663
CH.FUORN	10.264	46.620	176.950
HL.KTHA	23.062	36.257	252.962
HT.SIGR	25.855	39.211	98.569
IV.ECHR	14.913	37.686	339.444
RF.GEPF	13.139	46.275	10.948
FR.MVIF	7.153	43.896	256.935
NL.G051	6.771	53.418	1780.084
GR.GEC2	13.701	48.844	153.731
Y8.RO32A	23.825	47.221	123.337
SI.ABSI	11.320	46.728	150.321
NL.G094	6.725	53.388	1726.038
KO.DIKM	35.258	41.650	167.206
NL.G263	6.546	53.282	1734.614
NO.NC603	11.481	60.705	236.660
XP.FR21A	4.452	44.892	275.743
KQ.QBN	9.897	53.723	222.496
IV.MONC	7.927	45.074	330.805
BQ.HOBG	7.333	50.983	231.943
FR.SOMF	0.053	48.299	476.843
GR.GRA4	11.435	49.564	178.484
1Y.GR10	21.594	40.483	110.925
CH.MUO	8.637	46.968	284.231
NL.T014	6.740	52.464	1663.733
NL.G622	6.842	53.387	2128.770
TH.RANIS	11.564	50.662	157.461
NL.G471	6.941	53.196	1759.661
PL.OJC	19.798	50.219	113.656
MN.BNI	6.678	45.052	251.522
Z6.HU02A	20.525	48.122	102.393
IV.MRGE	7.061	45.770	214.181
FR.IRAF	-1.037	43.034	196.615
Y8.PL08A	22.677	50.376	198.487
SL.MOZS	14.443	46.294	153.983
NL.G193	6.817	53.338	1699.606
OX.CLUD	12.881	46.457	138.148
GU.RSP	7.265	45.148	83.111
NL.G364	6.924	53.265	1704.008
IV.AGLI	9.173	41.127	150.725
HT.PAIG	23.677	39.936	93.963
GE.THERA	25.475	36.367	183.657
IV.LPEL	14.183	42.047	180.710
HE.KEV	27.004	69.757	395.510
Z6.HU23A	20.250	47.639	325.981
NO.NC201	10.914	61.299	234.718
NL.G661	6.585	53.179	1913.433
GE.MTE	-7.544	40.400	190.529
Z6.A030A	13.561	47.828	290.415
NL.G174	6.636	53.336	1896.799
FR.OGCY	6.712	45.472	239.514
OE.OBKA	14.549	46.509	162.126
IV.ESVO	14.947	37.773	249.466
NL.ZLV2	6.753	53.092	4069.206
SL.DOBS	15.470	46.150	123.617
GR.ASSE	10.674	52.128	245.591
NL.J01	5.055	52.765	771.644
NL.G383	6.548	53.201	1917.291
NL.FR042	6.119	52.876	1693.690
GR.BSEG	10.316	53.936	179.072
IV.MDI	9.716	45.770	168.022
NL.NIW3	6.043	53.355	4542.565
NO.NAO02	10.897	60.806	238.731
NL.G073	6.546	53.395	1702.563
FR.COLF	3.694	45.500	290.172
XE.ZIDIL	16.260	39.782	111.532
NL.G284	6.729	53.272	1947.987
IX.SRN3	15.458	40.486	112.204
NL.G432	7.079	53.232	1746.369
NL.G591	6.988	53.116	1865.284
CH.GRIMS	8.319	46.578	242.073
KO.ENEZ	26.153	40.736	115.981
CL.ROD3	21.892	38.308	155.660
IV.PLMA	9.854	44.050	124.067
Y8.PL16A	21.355	50.592	128.538
HA.LOUT	22.974	37.988	132.950
GR.AHRW	7.076	50.541	266.855
NL.G184	6.722	53.331	1746.815
HE.RUF	28.950	61.425	375.229
NL.DBN	5.177	52.102	735.152
IV.MILZ	15.231	38.271	106.125
HL.PRK	26.265	39.246	112.488
XP.FR30A	1.667	44.056	356.992
CH.FIESA	8.111	46.435	237.768
GE.GVD	24.087	34.839	249.399
SI.BOSI	11.319	46.495	169.346
NL.G373	7.035	53.274	1830.026
KO.GULT	30.515	40.432	120.233
IV.NOCI	17.064	40.789	208.404
IV.TREM	15.510	42.123	297.832
Y8.PL26A	19.174	50.190	163.513
FR.PLDF	3.623	45.965	302.773
1Y.MK01A	21.851	42.279	84.106
NL.GK014	6.247	53.291	1919.402
NL.ZH043	4.363	51.842	1883.517
NL.G691	6.644	53.213	1849.962
HL.ELAT	22.791	38.628	225.718
UP.DEL	13.870	56.470	169.749
KO.GADA	25.899	40.191	105.254
NL.G561	6.931	53.148	1916.236
FR.GRN	5.744	45.241	329.528
SX.FROHN	12.989	50.596	147.053
CH.CHASS	7.121	47.161	324.683
FR.RONF	6.645	47.710	295.696
OE.CSNA	15.859	47.928	149.930
1Y.GR07	22.021	40.784	102.717
KO.LOD	32.763	39.888	97.025
GE.STU	9.195	48.772	189.609
ST.DOSS	11.188	45.881	163.735
Y8.PL19A	20.944	50.283	136.445
GR.BUG	7.271	51.441	265.436
IV.EPMN	15.177	37.820	166.144
NL.VNDM2	6.839	53.115	1592.339
NL.G083	6.644	53.395	1861.055
FR.SALSA	6.689	43.881	303.578
IV.CRMI	10.980	43.796	135.676
KO.MRMT	27.583	40.609	291.245
GR.HLGA2	7.886	54.187	296.169
IV.CAFE	15.237	41.028	334.736
NL.G274	6.628	53.283	1793.457
OT.TAR1	17.285	40.526	207.875
FR.VERF	2.484	45.750	319.917
NL.L2067	6.823	52.810	3733.523
NS.ROEST	12.104	67.520	215.227
TH.LEIB1	11.198	50.576	152.474
HU.BSZH	20.267	47.300	362.211
OE.DAVA	9.880	47.287	236.248
BQ.NAST	7.861	50.195	259.057
BW.ALFT	11.280	48.142	259.487
RO.CFR	28.136	45.178	88.638
SX.WIMM	11.505	51.521	154.049
FR.GUEF	-2.634	47.887	573.461
CH.MTI02	7.165	47.379	333.690
IV.MGR	15.554	40.138	99.767
NL.G064	6.871	53.411	1954.377
NO.NC404	11.646	61.098	0.229
HL.PLG	23.444	40.373	89.877
GB.CWF	-1.308	52.739	665.527
NL.G293	6.787	53.281	1757.064
UP.BREU	18.578	63.891	191.591
NL.G163	6.531	53.339	1767.009
BW.LAEN	12.186	50.183	149.812
KO.SNOP	35.207	42.020	180.103
NL.G394	6.724	53.225	1632.143
GB.PGB1	-4.484	55.812	1692.656
GU.IMI	7.893	43.910	202.193
NO.ARD9	25.486	69.545	401.609
NL.G481	7.029	53.197	2304.487
Y8.PL07A	22.404	49.943	272.528
FR.OGS3	5.806	45.070	241.123
CH.FUSIO	8.663	46.455	196.497
FN.SGF	26.526	67.442	295.892
NL.ZH061	4.220	51.978	2125.233
FR.WLS	7.354	48.413	371.359
NL.G444	6.684	53.204	1852.536
MN.AQU	13.405	42.354	105.447
CR.STON	17.700	42.872	247.117
NL.G351	6.862	53.255	1914.600
Z6.A266A	18.265	46.526	181.779
SL.CEY	14.422	45.738	128.362
BE.OPTB	5.636	51.111	550.304
Z6.ME01A	19.881	42.846	171.703
HL.RDO	25.536	41.145	86.686
RO.HARR	27.930	44.689	108.368
IV.MTTG	15.700	38.003	110.572
Y8.RO02A	25.308	46.946	104.367
FR.BORF	-0.203	42.945	174.815
TH.ABG1	12.576	50.968	147.632
RO.GIRR	26.501	46.955	13.740
NL.FR034	5.713	52.981	1874.206
NO.NBO03	10.837	61.013	249.585
IV.SEI	11.359	44.054	164.286
CH.WGT	8.925	47.098	306.015
Y8.BG01A	27.193	43.689	140.779
EI.ILTH	-6.336	54.028	1444.159
IV.EMNR	15.026	37.817	254.809
NL.L4116	6.631	53.032	1955174.217
IV.CBAC	14.081	40.811	233.332
NL.G102	6.804	53.378	1625.938
NL.T021	6.979	52.463	1895.555
SL.KOGS	16.250	46.448	156.900
GR.GRB1	11.651	49.390	161.764
CH.MMK	7.964	46.051	184.288
HC.KNDR	23.625	35.235	158.309
RO.PLOR4	26.650	45.851	55.087
NL.G543	6.758	53.124	1830.751
NO.ARC6	25.488	69.534	392.310
GR.LNIZ	14.210	53.493	255.198
HT.LIT	22.489	40.103	99.696
KO.CHBY	32.890	38.582	183.808
BW.BGDS	13.027	47.635	128.959
KO.LMOS	32.696	36.602	142.298
Z6.BRY	18.539	42.901	263.869
NL.HWF1	6.351	53.071	4470.476
HC.KTHR	22.994	36.245	274.146
CH.EMING	8.847	47.895	274.200
NL.ZH022	4.488	52.074	1687.584
4P.IT03A	8.289	45.238	467.016
FR.PLYF	4.743	46.957	445.396
Y5.BH04A	17.794	43.348	217.700
AC.VLO	19.496	40.469	841.553
KO.SVSK	36.992	39.916	92.068
CQ.AKMS	32.335	35.018	128.357
BW.RTSA	12.842	47.768	364.770
GE.FLT1	11.237	52.331	140.595
SX.MUHB	12.342	51.658	173.385
NL.G654	6.954	53.169	1679.429
HP.SERG	22.057	38.413	143.793
QE.HNB3	4.964	60.608	490.701
NL.T062	6.910	52.343	1637.642
CA.CFAR	0.661	40.560	1194.769
TH.MORAS	11.225	50.536	155.758
TH.GEIDO	12.200	50.735	141.966
NL.DR031	6.308	52.898	1819.220
GE.PUL	30.317	59.767	185.291
NL.N034	6.405	53.111	1592.713
NL.L1071	7.096	52.921	1305.666
HP.PLEV	21.407	38.412	184.141
FR.OGCN	5.089	45.154	513.033
FR.GOTF	0.739	49.017	443.358
Y8.RO23A	23.727	45.866	103.298
NL.G141	6.771	53.359	1994.063
HU.MPLH	17.535	47.171	122.603
NL.G393	6.724	53.225	1660.183
IV.ESLN	14.974	37.693	191.795
HE.NIF	27.810	63.390	370.091
NL.G164	6.531	53.339	1831.648
8C.CI18	6.770	45.900	253.773
Z6.A031A	13.498	48.427	162.215
FR.MLYF	5.768	43.988	374.898
Z6.HU22A	19.131	46.328	188.085
NL.G671	6.823	53.321	1884.704
NO.JMIC	-8.506	70.987	390.516
CH.SLE	8.492	47.764	245.381
NL.N011	6.473	53.119	1679.228
Y8.PL17A	20.301	49.601	162.744
KO.SHUT	30.551	38.553	112.869
NL.SPY1	6.784	53.410	4363.564
NL.G422	6.989	53.222	1823.802
NL.G581	6.907	53.110	2089.858
RD.ORIF	5.880	44.918	236.115
NL.L2087	6.919	52.669	4216.306
NL.G294	6.787	53.281	1631.926
FR.MIGAL	6.033	43.080	264.751
CQ.OSC1	31.277	33.500	79.784
NO.NC403	11.668	61.054	224.152
NL.G063	6.871	53.411	3281.485
XP.FR01A	4.072	46.956	340.237
FR.OGJA	6.710	44.910	197.141
NL.FR052	5.869	53.070	2049.872
NL.G632	6.911	53.331	1888.441
Z6.A035B	12.642	47.160	150.932
KO.RKY	27.178	40.687	93.298
HT.CHOS	26.051	38.387	198.844
IV.MRVN	16.196	41.061	155.522
IV.VCNE	14.434	40.827	176.701
CH.GRYON	7.111	46.251	297.683
HL.JAN	20.849	39.656	188.420
FR.WALT	7.277	47.966	288.338
OE.LESA	12.677	47.424	166.754
NO.ARA3	25.502	69.535	390.040
BW.MSBB	11.973	50.031	159.431
GX.CAMPI	15.274	40.707	113.965
FR.BARI	3.312	49.566	542.396
NL.G273	6.628	53.283	1927.012
FO.OPS	7.883	48.921	324.680
NL.G82B	6.724	53.225	612.937
NS.MOR8	14.731	66.283	214.087
HL.NEO	23.222	39.306	118.561
NL.G084	6.644	53.395	1807.061
NL.WYN2	5.458	53.200	501.869
FR.OGDF	5.069	44.557	457.879
IV.EMFS	14.998	37.720	234.650
HL.SMG	26.838	37.704	134.741
IV.PIGN	14.180	41.200	104.098
NL.G374	7.035	53.274	1654.462
RO.ONER	26.394	46.335	19.125
IV.CRE	11.952	43.619	138.328
NL.FR011	5.887	53.142	2044.749
IV.CMIS	14.089	40.778	294.788
RO.PRAR	26.228	47.362	152.788
KO.ELL	29.909	36.748	139.004
NL.G183	6.722	53.331	2078.386
PM.PFVI	-8.827	37.133	209.703
FR.ARTF	5.807	43.588	340.242
CA.ICJA	2.119	41.384	328.572
IV.SORR	14.336	40.583	96.956
CH.SALEV	6.097	46.060	424.494
Y8.PL09A	21.405	49.642	180.850
NL.ZH044	4.363	51.842	2026.996
NL.GK013	6.247	53.291	1773.940
NL.G461	6.850	53.198	1768.342
IV.GUMA	13.335	43.063	169.130
GR.CLZ	10.374	51.843	167.156
RO.ODSR	25.292	46.297	158.202
RO.MDVR	21.713	44.782	103.019
IV.SNAL	15.209	40.925	298.673
NL.N033	6.405	53.111	1548.498
CH.COLLE	6.121	46.292	390.056
IX.AND3	15.333	40.930	321.421
QE.HNB4	4.951	60.607	500.812
NL.G653	6.954	53.169	1702.966
XE.MORMA	15.972	39.870	90.068
Y5.BH14A	17.657	44.514	108.775
IV.MBFT	12.953	37.946	101.366
Z6.AL04A	19.562	41.007	934.067
GR.KUDEN	9.196	53.969	226.291
IV.EPIT	15.057	37.811	186.055
IV.CRJA	13.004	37.802	298.525
FR.ESCA	7.374	43.831	234.710
NL.ROLD	6.085	50.869	321.652
KO.GEML	29.212	40.465	95.591
NL.G212	6.594	53.313	1790.417
IV.CAAM	14.142	40.820	270.870
GU.STV	7.326	44.245	182.422
NL.L1076	7.095	52.920	1373.349
Y8.RO33A	26.659	47.278	120.411
IV.PTCC	13.354	46.407	148.666
CH.EMBD	7.832	46.217	232.651
NL.G041	6.675	53.415	1968.170
KO.GEDZ	29.410	39.044	193.113
IV.ISPIC	14.903	36.780	134.441
KO.KULA	28.661	38.514	90.053
NI.PURA	12.742	46.426	203.339
HA.HAVD	20.385	38.204	639.402
NL.SL011	4.868	52.855	2183.356
NI.VINO	13.275	46.254	178.741
SX.WERN	12.376	50.287	178.460
FR.CIEL	7.364	48.833	304.582
FR.PAND	1.546	42.524	199.733
CA.CGAR	1.914	41.293	290.045
RO.PLOR	26.650	45.851	55.087
HU.BEHE	16.776	46.471	260.913
FR.OG35	5.571	46.045	372.836
NL.L4111	6.630	53.031	38037.023
NL.G251	6.943	53.308	1923.094
GR.KHUS	11.055	54.196	252.512
Y8.RO12A	25.600	44.583	254.229
FR.CRAS	0.729	43.721	349.716
IV.MOMA	12.570	42.804	115.646
GB.JSA	-2.172	49.188	589.910
NL.G544	6.758	53.124	1912.470
NO.ARC1	25.508	69.541	421.307
IV.SARZ	8.914	44.867	357.905
1Y.GR22	22.826	39.089	99.597
RO.ODBI	27.056	45.763	255.914
SX.NEUB	11.772	51.194	185.202
OE.RETA	10.762	47.487	228.178
IV.CESX	12.587	42.608	122.549
NL.G443	6.684	53.204	1815.715
IV.VARE	8.770	45.868	193.734
FR.ISO	7.050	44.184	159.219
KO.LFK	33.533	35.283	185.685
NL.T082	6.996	52.389	1813.267
NL.GK031	6.306	53.283	2028.564
EI.IDGL	-7.510	55.073	1421.388
GE.RUE	13.780	52.476	191.393
OE.MOTA	11.104	47.345	174.850
NO.NBO04	10.752	61.012	228.306
NL.FR033	5.713	52.981	1938.064
GB.FOEL	-3.200	52.889	845.666
Z6.CP14A	20.467	48.636	99.106
KO.GULA	34.236	38.344	271.276
IV.CMSN	14.182	40.838	289.700
NL.G344	6.765	53.253	1772.775
IX.SSB3	15.229	41.078	215.637
NL.HGN	5.932	50.764	268.350
NL.FR021	5.930	52.856	1834.004
EE.VSU	26.735	58.462	176.215
IV.NARO	12.581	43.611	118.125
NL.GK023	6.293	53.301	1857.826
NL.ZH074	4.295	52.104	1873.942
IX.PGN3	15.797	40.572	122.914
IV.ATPC	12.457	43.481	138.872
EE.MTSE	23.815	58.714	559.894
NL.G451	6.764	53.200	1763.820
NL.PPB4	4.670	52.653	4130.581
KO.CANT	33.619	40.606	133.831
IV.SACS	11.910	42.849	150.817
HT.EVGI	20.656	38.621	617.015
1Y.GR30	22.577	37.522	137.426
FR.GIZF	0.198	47.408	388.234
FR.ZELS	7.632	48.302	378.639
GR.GRC4	11.525	49.086	166.285
FR.RIVEL	5.922	46.759	378.666
NL.G602	7.075	53.298	1660.118
NL.T034	6.792	52.430	1682.880
NO.ARB3	25.511	69.532	396.756
RO.AMRR	27.335	44.610	273.962
NL.VBG1	6.669	52.544	4252.834
NL.G81B	6.678	53.310	718.617
RO.ICOR	27.801	44.117	134.506
NL.G243	6.856	53.290	1896.422
NL.OPLO	5.812	51.589	717.163
RD.MFF	-0.141	46.601	444.767
NS.NSS	11.966	64.530	220.280
RD.FLAF	6.255	43.383	243.794
Y8.PL14A	21.070	49.879	134.459
Z6.HU04B	19.439	46.814	108.031
DK.GOET	9.225	57.035	479.559
NL.G412	6.892	53.223	1788.622
GE.ILTH	-6.336	54.028	1444.159
MD.SORM	28.351	48.135	96.323
GB.KESW	-3.105	54.589	1204.319
HE.MEF	24.396	60.217	195.705
NL.FR062	6.024	53.001	1786.556
XP.FR02A	3.498	46.910	361.400
HU.MORH	18.644	46.215	106.025
KO.CTKS	28.507	41.237	6.398
NL.G053	6.771	53.418	1760.483
BQ.KOE	7.731	50.424	263.363
BW.MROB	12.179	50.083	148.748
NL.ENV4	6.634	52.894	4282.951
FR.CLAF	3.090	43.135	317.325
NL.HRKB	6.168	51.188	419.071
GU.BHB	7.263	44.836	249.877
IV.EMSG	14.950	37.821	255.202
NL.G641	7.038	53.221	2184.976
Z6.HU21A	19.729	46.333	257.589
RO.MFTR	28.422	44.178	147.916
Z6.A028B	13.950	47.095	145.199
Z6.A032A	13.306	48.123	346.509
7C.SPAOL	15.071	37.549	1129.356
NL.DR024	6.508	52.703	1522.313
NL.N021	6.453	53.072	1781.811
NL.G473	6.941	53.196	1768.565
HL.ITM	21.925	37.179	204.949
SL.KNDS	14.381	45.528	134.241
NL.G684	6.635	53.235	1848.957
IV.CAVE	11.003	44.866	282.316
NL.G032	6.598	53.416	1884.057
KO.AFSR	33.071	39.447	102.414
NL.G191	6.817	53.338	2365.032
Z6.A367A	11.923	48.307	255.284
Y8.BG12A	26.780	42.118	157.185
FR.XAFF	6.620	48.407	294.058
Z6.CP17A	20.511	48.219	105.232
RO.IASR	27.575	47.178	96.251
HT.CMBO	25.406	36.471	779.466
HA.VILL	23.312	38.164	111.472
NL.L2072	6.972	52.757	3066.871
NL.G261	6.546	53.282	1966.181
NO.NC601	11.542	60.775	231.408
BW.MKON	12.234	50.019	155.516
FR.SRNF	2.204	47.381	503.809
FR.VALC	2.040	42.388	210.090
NL.G574	7.022	53.135	1667.141
EB.EROQ	0.407	40.822	190.358
IV.MAGA	10.629	45.775	166.315
GB.DYA	-3.931	50.435	802.119
NL.VLW2	7.097	52.968	3476.166
Y5.BH09A	16.616	44.786	169.087
TH.TIER	11.167	50.455	7.966
1Y.GR12	22.542	40.471	194.353
HC.CHAN	24.043	35.519	337.535
IX.COL3	15.330	40.687	119.401
NL.G071	6.546	53.395	1761.757
BW.ZUGS	10.977	47.417	195.588
IV.APRC	15.543	41.757	131.145
NL.NIW1	6.043	53.355	4720.187
NO.NAO00	10.832	60.824	239.481
KO.KONT	32.356	37.957	104.036
BW.MGS05	11.517	48.000	294.877
Z6.CP09A	20.282	49.164	130.865
OX.BOO	13.098	46.319	151.133
CL.ZIRI	21.948	38.305	160.381
UP.SJUU	21.605	65.508	245.640
TH.VITZ	10.092	50.888	189.766
NS.LADE	10.446	63.455	241.043
DK.COP	12.432	55.685	369.118
NL.G593	6.988	53.116	1757.201
BW.WETR	12.876	49.145	9.833
HT.HORT	23.100	40.598	87.547
NL.GK042	6.326	53.246	1760.556
NO.NC304	11.221	60.888	230.203
RD.MTLF	2.217	43.341	288.512
RO.BANR	21.137	45.383	2003.058
NO.ARD2	25.531	69.545	411.824
NL.G494	6.731	53.176	1784.108
HP.LTK	22.967	38.023	122.858
Z6.AL07A	20.679	40.900	160.881
BW.KW1	12.597	48.122	1053.175
CH.JAUN	7.291	46.634	391.767
Y5.BH17A	18.551	44.384	141.110
NO.NC203	10.832	61.244	241.219
NL.G663	6.585	53.179	1865.310
FR.MANO	5.923	48.828	573.520
FR.AGO	3.132	46.050	339.201
NS.STAV	5.704	58.934	376.439
SL.GBRS	14.810	45.531	156.601
Z6.A143A	11.003	47.684	322.758
RO.RMGR	22.692	44.663	153.209
FR.OGAG	6.540	44.788	203.592
TH.CHRS	10.819	51.610	147.000
NS.LEIR	13.115	66.112	193.187
RO.JOSR	25.515	46.706	44.417
NL.G381	6.548	53.201	1980.663
NL.G222	6.678	53.310	1867.738
IV.OFFI	13.686	42.935	991.040
IV.ESML	14.879	37.618	190.670
NL.ENM2	6.482	53.406	4620.054
FR.OGCB	5.097	44.850	312.130
XP.FR12A	1.243	45.745	370.893
KO.TOKT	36.544	40.317	98.562
KO.KMRS	36.900	37.509	123.340
FR.PYHE	-1.750	43.377	213.312
SL.CADS	13.737	46.228	84.561
NL.ENV3	6.634	52.894	4151.819
KO.GELI	26.474	40.398	105.510
KO.BLVD	31.095	38.795	110.574
BW.UH3	11.639	48.030	150.665
GE.GHAJ	35.566	31.303	209.044
NL.G512	6.885	53.173	1868.855
GE.APE	25.523	37.073	255.295
NL.DR023	6.508	52.703	1790.675
HL.VLY	23.794	37.852	107.589
FR.MLZA	-0.127	43.828	342.889
SL.VOJS	13.888	46.032	211.428
XE.CNESE	16.084	39.894	105.077
NO.NB201	11.294	61.050	258.106
HL.SAP3	25.345	36.436	903.538
RO.MLR	25.945	45.491	96.402
CH.MUTEZ	7.649	47.506	364.180
BQ.BGG	7.336	50.205	307.473
KO.UVEZ	30.903	40.904	139.776
HA.ATAL	23.021	38.693	363.204
NL.G054	6.771	53.418	1629.904
GR.GEC7	13.714	48.835	152.391
CH.SULZ	8.112	47.528	270.144
SL.GBAS	14.443	45.935	146.931
IV.EPZF	14.857	37.824	271.786
FR.OGSI	6.757	46.056	300.711
RO.GZR	22.777	45.393	72.538
IV.PGHD	12.040	36.771	133.948
RO.ISR	26.543	45.119	174.824
NL.ARCN	6.194	51.501	495.739
Z6.HU10A	19.019	47.845	119.857
UP.UPP	17.623	59.858	235.998
LX.MESJ	-8.220	37.840	122.232
NO.ARB4	25.500	69.533	396.897
NL.G551	6.846	53.143	2066.511
NL.T033	6.792	52.430	1737.011
SL.VNDS	14.701	46.102	193.697
GR.GRC3	11.584	48.889	167.070
1Y.GR29	21.923	37.704	171.411
PM.MTE	-7.544	40.400	184.304
MN.VLC	10.386	44.159	127.315
GU.MGRO	7.808	44.043	202.154
CH.HAUIG	7.700	47.660	268.006
IV.MTGR	12.759	37.893	92.389
CH.VINZL	6.278	46.452	477.185
NL.G244	6.856	53.290	1796.532
GR.HLGB2	7.914	54.187	323.049
HL.IMMV	23.981	35.461	146.876
IV.RNI2	14.152	41.703	385.813
RD.LFF	0.740	44.940	533.815
RO.TPGR	28.420	44.856	174.035
GR.WET	12.880	49.145	155.170
NL.G343	6.765	53.253	1758.448
KO.POLA	32.168	39.700	7.399
NL.PPB3	4.670	52.653	4513.578
CZ.KRUC	16.395	49.062	138.094
RO.DRGR	22.711	46.792	103.907
KO.BLCB	27.042	38.385	91.269
NL.G702	6.538	53.241	2079.694
NL.ZH073	4.295	52.104	1528.139
NL.GK024	6.293	53.301	1746.960
1Y.MK02A	20.884	42.013	129.863
KO.BNN	35.847	38.852	105.336
QE.HNA3	4.958	60.609	499.738
NL.T052	6.906	52.381	1699.691
NL.G664	6.585	53.179	1935.894
IV.SRES	12.510	42.237	147.623
NO.NC204	10.763	61.276	247.247
FR.BESN	-1.614	49.374	683.085
IV.IMTC	13.876	40.721	181.200
KO.ARMT	28.866	40.568	86.522
CQ.XYLS	33.049	35.014	96.468
GE.MORC	17.543	49.777	128.310
NL.G493	6.731	53.176	1860.055
IV.LPDG	12.630	35.518	143.251
NO.ARD5	25.512	69.521	395.049
IV.CLTA	13.962	37.158	226.229
NS.SUE	4.760	61.057	650.333
IV.MARIO	13.433	37.954	145.591
KO.KAVV	29.060	41.064	184.841
PM.PESTR	-7.590	38.867	134.805
NL.G171	6.636	53.336	1862.161
IV.EMPL	14.970	37.679	206.353
HP.VVK	21.812	38.422	242.648
ES.ECAL	-6.737	41.941	89419949.354
NL.G281	6.729	53.272	2021.689
NL.G322	6.579	53.250	1868.343
GU.PCP	8.545	44.541	171.843
BW.MGS02	11.588	48.078	293.225
CH.PLONS	9.381	47.049	260.764
IV.VITU	14.630	41.183	134.757
EI.IMIC	-8.108	52.304	1833.375
GE.TIRR	28.413	44.458	114.233
NS.VBYGD	15.390	68.360	298.659
FR.LRVF	-0.310	44.948	463.995
BW.GRMB	11.264	48.141	nan
Y5.BH07A	18.036	43.751	181.841
FR.CHMF	6.652	47.248	340.130
NO.NC303	11.369	61.225	234.815
NL.ZH012	4.288	51.914	1929.862
NL.G594	6.988	53.116	1658.496
HA.AMPE	23.269	38.302	90.046
IV.PII	10.525	43.722	138.647
C4.CERN5	6.076	46.310	405.993
CA.CMAS	0.314	40.726	180.831
Z6.CP07A	20.297	49.336	147.066
NL.L2075	6.974	52.757	1606.462
NL.G132	6.669	53.349	1990.874
NL.G091	6.725	53.388	2084.180
FR.OG02	6.220	46.154	414.687
GR.GRA1	11.220	49.691	215.268
1Y.GR15	21.047	39.941	199.651
HL.THERA	25.475	36.367	184.186
NL.G573	7.022	53.135	1714.822
FR.DOU	4.595	50.096	378.873
IV.VMGN	11.533	43.955	84.263
NL.G683	6.635	53.235	1643.107
Y5.BH19A	19.093	44.398	417.159
FR.EILF	7.131	43.548	224.705
NL.G474	6.941	53.196	1544.405
FR.SAUF	5.106	43.938	341.662
FR.BEGF	-2.262	47.614	508.283
Y8.RO01A	23.715	46.235	139.133
NI.POLC	12.501	46.027	17.368
Z6.ME02A	19.122	43.156	213.076
Z6.A265A	17.795	46.424	255.184
NL.G361	6.924	53.265	1970.945
FR.BSCF	0.982	46.804	582.368
IV.SGG	14.379	41.387	136.815
CH.FULLY	7.136	46.156	293.459
HC.KNSS	25.180	35.304	188.393
NL.SPY3	6.784	53.410	4447.781
NL.G583	6.907	53.110	1935.112
FR.CRNF	-0.650	47.135	432.056
HC.STIA	26.091	35.202	297.800
PL.KSP	16.293	50.843	145.918
NL.L2085	6.919	52.669	4028.310
Z6.CP08A	20.272	49.272	113.983
HA.MDRA	23.466	38.061	172.772
MT.AVM	5.675	44.942	nan
NO.NC401	11.799	61.080	240.487
NL.G061	6.871	53.411	2382.220
BW.MANZ	12.108	49.986	157.275
IV.ECBD	15.086	37.780	199.575
NL.G391	6.724	53.225	1820.093
NL.G232	6.768	53.309	1784.288
FR.RUSF	5.482	43.929	311.421
FR.RIAF	-1.313	47.507	545.234
NL.G673	6.823	53.321	1698.445
Z6.AL06A	19.758	40.089	336.156
Y5.BH16A	18.089	44.726	139.676
CH.ROMAN	9.336	47.564	296.021
NL.N013	6.473	53.119	1732.086
RO.TUDR	27.669	45.594	323.271
NL.G484	7.029	53.197	1852.746
SX.MEINS	12.881	50.732	157.685
Z6.CP16A	20.540	48.342	132.925
FR.MLS	1.095	42.958	243.728
Y8.BG13A	27.729	42.088	153.522
IV.VTIR	14.424	40.806	94.049
HA.SERI	24.485	37.161	332.619
NL.G022	6.806	53.449	1936.553
NL.G181	6.722	53.331	1967.525
GE.BALJ	35.640	32.087	206.737
NL.FR013	5.887	53.142	2094.559
FR.GENF	1.572	42.823	221.951
GR.GOR1	11.307	52.990	239.889
NL.G694	6.644	53.213	1771.045
NL.GK011	6.247	53.291	1844.702
CA.CFON	2.435	41.761	235.781
GU.CIRO	7.568	45.602	167.562
IV.T0110	13.776	42.229	135.023
GU.TRAV	7.747	45.513	191.928
MN.BLY	17.184	44.749	126.416
NL.G463	6.850	53.198	1727.691
Y5.BH08A	18.008	44.236	166.637
MN.CUC	15.816	39.994	77.530
NL.VDM22	6.834	53.084	1647.120
IV.MRLC	15.489	40.756	119.591
FR.ILLF	7.254	47.683	353.895
KO.TVSB	29.462	39.450	97.465
NL.G564	6.931	53.148	1795.230
CH.EMMET	8.014	47.438	349.920
NO.ARA1	25.507	69.536	392.672
GE.RGN	13.321	54.548	241.368
FR.VALM	0.516	49.744	451.558
FR.HRSF	2.701	46.521	347.318
FR.SROF	-1.109	49.045	546.249
NL.G271	6.628	53.283	1918.982
NL.L2062	6.824	52.811	4006.696
IV.LAV9	12.699	41.678	76.510
GE.UJAP	35.464	31.952	219.633
NL.G043	6.675	53.415	1795.825
TH.MLFH	12.081	50.790	151.519
GU.PZZ	7.116	44.507	164.031
NL.HWF4	6.351	53.071	4089.946
XP.FR03A	3.246	46.612	559.953
IV.MGAB	12.112	42.913	135.881
NL.SL013	4.868	52.855	1481.584
RD.EPF	0.340	43.031	169.844
NL.G402	6.810	53.225	1841.353
Z6.PEJK	20.278	42.643	131.431
Y8.PL15A	21.476	50.231	146.046
IV.LNSS	13.040	42.603	115.143
NL.DR034	6.308	52.898	1642.843
SK.MODS	17.277	48.373	281.889
NL.N031	6.405	53.111	1635.142
Z6.A033A	13.126	47.480	155.940
IV.VAGA	14.234	41.415	120.389
NL.G651	6.954	53.169	1788.699
FR.GZNF	2.201	46.174	322.956
BE.MEM	6.010	50.609	300.143
MN.BZS	21.640	45.619	120.318
FO.ILLK	7.717	48.516	426.866
NL.G144	6.771	53.359	1763.950
NL.L1074	7.095	52.920	1312.964
GR.MILB	9.292	49.828	172.289
IV.CERT	12.982	41.949	95.036
NL.G441	6.684	53.204	1899.795
TH.MEHR	10.659	51.283	157.731
RO.CVD1	28.062	44.321	122.453
NL.GK033	6.306	53.283	1825.117
NL.ZH064	4.220	51.978	2013.061
HA.MRKA	23.586	38.705	94.349
HT.PSDA	20.584	38.114	491.565
NL.FR031	5.713	52.981	1971.222
HC.TEFL	25.163	35.093	1289.991
XE.TNOVA	16.261	39.975	93.205
IV.MFNL	12.922	37.791	92.047
NL.G354	6.862	53.255	1845.178
IV.CMPR	15.303	40.318	109.916
RO.BURAR	25.200	47.644	17.326
IV.AMUR	16.604	40.907	185.081
IV.EMFO	15.090	37.736	154.525
GU.RRL	6.791	44.921	223.525
IV.CSTH	14.149	40.829	207.540
Z4.PSIS5	-0.736	46.201	454.353
NL.L4113	6.631	53.033	49049.878
NS.LENS	9.734	63.496	251.528
FR.PYLO	-0.049	43.097	178.308
LX.GGNV	-9.150	38.718	101.458
NL.VKB	5.785	50.867	303.570
IV.IVCR	14.961	38.410	162.272
IV.CRTO	14.422	40.821	189.335
SK.ZST	17.102	48.196	6225.463
IV.AOI	13.602	43.550	155.824
NL.G253	6.943	53.308	1599.226
BE.BEBN	5.678	50.797	298.563
RO.CJR	23.598	46.713	96.029
NO.ARC3	25.523	69.533	398.719
NL.G612	6.681	53.382	1874.035
IV.EFIU	15.210	37.790	233.410
NL.T024	6.979	52.463	1600.391
1Y.GR20	21.746	39.235	154.229
GR.GRB4	11.559	49.468	162.599
SX.MULD	12.404	50.412	160.596
GB.ESK	-3.205	55.317	1136.659
NL.G563	6.931	53.148	1765.167
IV.POFI	13.712	41.717	86.871
MN.PDG	19.261	42.430	185.535
NL.G122	6.571	53.370	1846.190
HL.THI1	23.394	38.388	222.612
NL.G081	6.644	53.395	1893.806
HA.ERTR	23.786	38.407	103.624
TH.GERA	12.072	50.982	154.417
HA.STFN	23.544	38.177	288.571
Z6.CP06A	20.269	49.461	171.185
BW.PART	11.113	47.497	213.561
NL.L2065	6.823	52.810	4322.065
GE.DSB	-6.376	53.245	1614.595
CA.CBRU	2.179	42.284	253.475
IV.HVIT	14.522	36.993	116.475
NL.FR014	5.887	53.142	1850.191
Z6.ME03A	19.357	43.350	182.998
NL.G371	7.035	53.274	1790.041
Z6.A264A	17.290	46.160	336.639
FR.TURF	7.392	43.975	187.159
FR.VIEF	0.023	42.883	164.418
FR.CFF	3.111	45.763	367.567
NL.G464	6.850	53.198	1832.966
HE.KIF	20.804	69.043	581.134
Y5.BH18A	18.997	44.770	254.405
C4.CERNS	6.066	46.267	406.206
Z6.AL08A	20.102	41.105	228.226
FR.LABF	0.073	43.046	176.792
NL.ZH041	4.363	51.842	2162.639
NL.G693	6.644	53.213	1773.969
IV.BOSL	11.374	43.931	37.522
TH.KAMM	12.431	51.048	165.362
FR.CMPS	2.932	45.435	317.856
NL.G161	6.531	53.339	2082.180
GE.WLF	6.153	49.665	306.878
CH.DAVOX	9.880	46.781	188.474
BQ.HILG	6.679	50.292	340.048
OE.RONA	16.296	47.700	133.084
IV.AIO	15.233	37.971	153.124
FR.CURIE	2.356	48.844	616.734
NL.G483	7.029	53.197	1716.567
NL.N014	6.473	53.119	1534.953
NL.T042	6.890	52.437	1605.890
FR.OGS1	5.805	45.061	240.716
NL.NH012	4.997	52.566	1890.999
KO.BCK	30.588	37.460	100.794
NL.G674	6.823	53.321	1822.455
HL.VLI	22.947	36.718	256.846
SX.LEUT	12.523	50.607	332.370
BW.MZEK	11.947	49.963	159.424
NL.G584	6.907	53.110	1736.426
FR.CHLF	3.844	46.558	338.549
NL.SPY4	6.784	53.410	4681.499
CH.WIMIS	7.624	46.665	306.251
Y5.BH06A	18.446	43.502	198.515
CA.CBUD	0.826	40.704	586.753
IV.BOZZ	10.482	45.107	684.871
NL.OTL2	4.823	52.629	4120.567
Z6.A148B	12.477	48.509	170.741
NL.L2082	6.919	52.668	4623.706
KQ.MRLW	12.572	54.144	498.375
NL.G291	6.787	53.281	1685.404
HT.NESN	22.540	39.727	144.385
NL.G332	6.671	53.250	1855.658
3D.OEM8	14.917	38.469	56.290
FR.MELF	0.757	42.872	205.351
NL.G254	6.943	53.308	1706.727
HL.LIA	25.181	39.897	90.684
IV.MIGL	16.441	40.604	384.025
NS.ASK	5.200	60.475	575.578
XE.LAICA	15.975	39.948	94.751
NL.L4114	6.631	53.032	1590.827
GR.GRB3	11.805	49.343	161.769
FR.DUNF	1.809	43.025	459.010
1Y.GR27	24.233	38.182	123.409
NL.T023	6.979	52.463	1657.907
Z6.HU11A	21.168	47.925	358.895
NL.G541	6.758	53.124	1924.870
NO.ARC4	25.512	69.529	403.980
IV.MA9	12.659	41.770	468.792
CH.PERON	5.908	46.191	383.885
ST.GAGG	10.959	46.084	96.147
NS.TRO	18.911	69.635	3106.427
1Y.MK03A	21.990	41.196	96.718
NL.ZH063	4.220	51.978	1878.757
NL.GK034	6.306	53.283	1933.988
Y8.PL24A	19.004	49.724	166.267
KO.BODT	27.310	37.062	157.023
IV.CIMI	13.573	37.881	312.447
FR.TRIGF	6.407	43.747	292.244
Z4.PSIS2	-0.796	46.248	412.850
RO.TNR	24.273	45.652	151.446
FR.FAHY	5.463	47.505	355.255
IV.IVPL	14.980	38.376	129.509
HT.RTZL	20.771	38.076	245.589
GU.GSCL	10.588	44.351	193.916
Z6.PVY	19.959	42.594	165.271
NL.G353	6.862	53.255	1826.661
IV.LINA	12.864	35.861	173.645
MN.KEK	19.796	39.713	238.369
IV.PIEI	12.535	43.536	114.209
TH.TAUT	11.711	50.982	171.643
SX.GUNZ	12.332	50.364	180.193
TH.MENTE	10.580	51.316	161.589
HC.PFKS	25.473	35.043	164.380
NO.NBO01	10.783	61.062	246.918
IV.STAL	12.710	46.260	158.825
QE.HNB1	4.958	60.615	485.506
Y8.PL05A	22.121	49.260	204.423
OX.VARN	12.105	45.992	151.123
HL.OTHN	19.406	39.842	451.333
NL.DR033	6.308	52.898	1722.459
SL.PERS	15.114	46.636	122.203
CH.GIMEL	6.265	46.534	470.219
FR.GNEF	0.329	46.105	367.341
NL.L1073	7.096	52.919	1256.544
BW.RMOA	12.864	47.762	366.233
NL.G143	6.771	53.359	1879.775
GU.REMY	7.157	45.838	182.290
XE.T0702	16.084	39.721	81.596
IV.MTRZ	11.425	44.313	408.910
OT.CGL1	17.517	40.648	51.593
HT.THAS	24.719	40.606	87.668
NL.HWF3	6.351	53.071	4446.243
NL.G044	6.675	53.415	1917.496
RO.HERR	22.416	44.881	135.542
HT.IGT	20.330	39.532	181.630
Z6.A023A	14.070	48.461	151.216
GU.RORO	8.067	44.112	173.309
CH.SALAN	6.973	46.144	319.122
HC.IPPL	24.463	35.349	153.052
TH.ZEITZ	12.126	51.051	145.567
IV.FIAM	13.117	42.268	116.557
GR.KAST	8.416	51.203	204.709
IV.HMDC	14.783	36.959	120.801
GE.SLIT	22.291	57.629	524.734
TH.BBWF	10.504	50.736	156.752
NL.SL014	4.868	52.855	1451.109
NL.SPY2	6.784	53.410	4141.560
HL.MHLO	24.402	36.690	124.829
HP.PVO	21.525	38.616	365.870
NS.ODD1	6.626	59.911	331.170
NL.G582	6.907	53.110	1881.857
NL.G421	6.989	53.222	1777.223
NL.L2084	6.919	52.669	4377.776
HL.ARG	28.121	36.214	281.978
NL.G334	6.671	53.250	1841.971
CQ.OSC2	32.267	33.075	81.319
IV.VIVA	12.770	41.750	105.189
NO.NC400	11.719	61.079	228.321
LX.MORF	-8.653	37.304	319.116
NL.FR051	5.869	53.070	1854.013
NL.OTL4	4.823	52.629	4097.026
CL.TRIZ	22.073	38.365	158.093
NL.G233	6.768	53.309	1768.043
OE.WATA	11.576	47.336	157.981
CA.CLLI	1.973	42.478	219.979
BW.RNHA	12.819	47.806	461.865
NL.NH014	4.997	52.566	1885.782
NL.G672	6.823	53.321	1848.948
HU.SOP	16.557	47.681	131.718
NL.T044	6.890	52.437	1586.498
KO.SDAG	30.918	38.440	759.906
Y8.PL32A	19.862	49.294	128.103
GR.RETHO	9.361	52.738	210.962
NL.N012	6.473	53.119	1724.133
HA.EPID	23.119	37.614	241.350
NL.FR012	5.887	53.142	2396.549
XP.FR05A	2.090	46.544	349.527
NL.G023	6.806	53.449	2077.333
FR.LGIF	-1.406	46.457	455.577
IV.SGO	15.307	40.560	87.948
Y8.PL13A	20.923	49.597	255.038
NL.G462	6.850	53.198	1896.158
HT.KNT	22.898	41.162	1.328
NL.G631	6.911	53.331	1846.041
IV.ISTR	15.192	38.787	148.493
NL.VDM23	6.834	53.084	1763.730
1Y.GR03	24.882	41.150	87.474
GR.LOCC	9.139	52.410	304.713
FR.VOEL	7.123	48.967	493.571
NO.ARA0	25.506	69.535	407.346
FR.ABJF	0.761	45.574	353.122
NL.L2063	6.822	52.810	3644.547
IV.FNVD	11.123	44.168	158.791
GE.EIL	34.951	29.670	200.937
NS.DOMB	9.112	62.073	299.198
NL.G124	6.571	53.370	1972.979
NL.WYN1	5.458	53.200	1338.877
BQ.DREG	6.230	50.662	271.114
SL.CRES	15.457	45.826	119.517
NL.G042	6.675	53.415	1954.222
MT.AVR	5.653	44.956	302.229
CH.WILA	8.908	47.415	307.487
FR.OGSA	6.401	45.037	220.447
SL.GROS	15.502	46.461	70.369
EI.DSB	-6.376	53.245	1614.595
HL.APE	25.523	37.073	255.716
Z6.CP10A	20.322	49.035	111.573
FR.LBL	3.246	45.231	280.677
NL.G403	6.810	53.225	1852.868
IV.FDMO	13.087	43.036	121.160
FR.FILF	2.417	42.560	212.246
NL.SL012	4.868	52.855	1862.940
CH.LADOL	6.132	46.432	429.742
IV.ILOS	14.948	38.446	66.933
NS.HAMF	23.684	70.642	519.152
FR.TSDF	0.457	47.749	813.305
GB.SOFL	-6.966	62.069	3071.604
Z6.A104C	9.657	48.127	249.990
GE.MSBI	35.358	31.313	218.272
RO.MDB	24.377	46.150	227.996
HA.ATHR	20.416	38.317	959.316
IV.IOCA	13.901	40.747	135.116
RO.IZVR	27.765	45.544	136.722
FR.FRNF	2.561	45.385	334.522
HP.EFP	21.906	38.427	159.706
RO.VLDR	28.081	45.844	174.862
NL.L1075	7.095	52.920	1289.163
NL.G211	6.594	53.313	1810.345
Z6.A272A	18.965	46.744	132.072
DK.OVD	10.206	57.317	700.121
TH.NEUST	10.864	51.578	155.212
SI.MOSI	10.550	46.616	176.738
NL.GK032	6.306	53.283	1877.424
NL.T081	6.996	52.389	1600.691
CH.MUGIO	9.042	45.922	166.144
SI.LUSI	10.944	45.959	146.274
IV.CAVT	12.756	37.679	199.564
GR.IGAD	8.690	53.258	709.579
Y8.RO37A	24.450	47.460	87.914
KO.ISK	29.059	41.062	177.329
FR.OGLC	6.074	44.370	301.792
Z4.PSIS4	-0.706	46.215	415.239
IV.ZCCA	10.976	44.351	459.639
TU.BORA	30.453	39.880	74.513
NL.L4112	6.633	53.031	1314.265
BW.RNON	12.867	47.741	261.191
IV.ESPC	15.027	37.693	131.952
NL.G252	6.943	53.308	1784.598
HL.RLS	21.465	38.056	207.788
NO.ARC2	25.523	69.538	414.093
PL.NIE	20.300	49.418	68.265
CZ.MORC	17.543	49.777	131.031
1Y.GR21	22.513	39.373	108.691
GR.GRB5	11.675	49.111	164.278
Y5.BH10A	17.166	44.069	163.156
NL.G613	6.681	53.382	1953.574
FR.LOCF	-3.673	48.679	677.115
IV.TRTR	13.914	42.808	461.155
NL.G562	6.931	53.148	1727.972
IV.PALZ	15.960	40.944	363.441
HE.TOF	24.332	66.078	490.232
1Y.GR04	24.964	40.980	86.997
Y8.PL03A	22.897	50.022	315.369
NL.VDM24	6.834	53.084	1632.890
NL.VNDM1	6.839	53.115	1656.987
CA.CPAL	3.162	42.311	216.080
NL.G123	6.571	53.370	1838.775
GR.HLGA1	7.874	54.188	289.330
NL.L2064	6.823	52.810	4083.664
NL.G024	6.806	53.449	1918.787
FR.HELF	2.241	50.705	442.977
FR.RUFF	0.021	44.382	409.064
SX.BURZL	12.815	51.431	175.020
HL.NVR	23.865	41.348	86.993
GE.MATE	16.704	40.649	187.533
G.SSB	4.542	45.279	278.307
IX.RDM3	15.536	40.876	312.816
NL.G692	6.644	53.213	1822.315
IV.SOLUN	13.533	38.092	258.912
RO.BOSR	25.661	46.075	122.926
FR.SAOF	7.554	43.987	173.309
Z6.A025A	14.416	47.521	147.644
RO.CEIR	22.496	47.685	228.639
RO.TATR	28.050	45.598	133.683
BW.OBER	10.293	47.407	255.055
IV.MURB	12.525	43.263	126.580
XE.BIDON	16.456	39.946	133.651
NL.G234	6.768	53.309	1799.982
HP.UPR	21.786	38.284	222.672
HT.SOH	23.354	40.822	93.592
FR.FNEB	2.106	42.903	255.529
NL.G482	7.029	53.197	1677.795
NS.FOO	5.043	61.597	521.292
TH.SPAHL	9.910	50.653	223.379
NL.T043	6.890	52.437	1837.084
HL.ANKY	23.301	35.867	302.410
OX.MPRI	12.988	46.241	223.886
NL.NH013	4.997	52.566	1930.476
MN.RTC	-6.857	33.988	204.676
Y8.PL22A	20.074	49.836	214.620
IV.GIB	14.026	37.990	115.098
CZ.VRAC	16.593	49.308	134.524
FR.MONQ	1.194	44.367	286.801
NL.OTL3	4.823	52.629	4364.431
SL.VISS	14.839	45.803	131.063
NL.G333	6.671	53.250	1886.353
UP.STRU	11.182	59.035	269.813
FR.OGRV	4.752	46.346	311.037
TH.SONN	10.426	51.532	159.777
NL.L2083	6.917	52.670	4405.367
3D.OEM9	14.991	38.388	115.364
HA.SNT5	25.395	36.404	321.457
NL.G101	6.804	53.378	1951.394
CQ.ASGA	33.248	34.786	126.345
NL.L4115	6.631	53.032	129061.410
IV.BRMO	10.372	46.476	161.731
GE.MARCO	15.806	40.297	141.055
Y8.RO27A	27.107	46.819	181.976
CH.BAULM	6.468	46.787	379.342
NL.T022	6.979	52.463	1642.110
NL.G614	6.681	53.382	1725.988
CZ.JAVC	17.671	48.859	215.550
FR.BETHI	5.228	49.242	438.810
GR.GRB2	11.668	49.270	162.037
NS.KONS	13.118	66.499	206.377
1Y.GR26	23.411	38.400	110.087
IV.CDRU	15.305	40.490	96.395
NO.ARC5	25.498	69.530	393.449
7C.CS2FF	16.258	39.293	282.355
TH.MUEN	10.667	51.422	162.128
NL.ZH062	4.220	51.978	2092.435
GU.MAIM	10.492	43.914	58.806
MN.DIVS	19.992	44.098	93.114
MN.ISP	30.509	37.843	92.210
NL.G352	6.862	53.255	2013.071
Z4.PSIS3	-0.765	46.225	419.982
NO.NBO00	10.778	61.031	246.487
SX.TANN	12.461	50.415	160.113
GE.HLG	7.883	54.183	295.564
IV.MMGO	12.977	37.662	99.579
NL.T061	6.910	52.343	1901.631
HU.CSKK	18.261	47.363	110.346
HA.ATHU	23.785	37.967	117.674
HT.KAVA	24.514	40.997	129.500
KO.SILT	29.643	41.153	297.676
CH.CHAMB	6.612	46.782	400.791
NL.DR032	6.308	52.898	1839.386
KO.CTYL	28.290	41.476	152.334
NL.L1072	7.094	52.921	1487.112
Y8.BG05A	27.199	42.604	104.042
Z6.CP00A	19.770	50.117	130.553
Y8.RO39A	26.646	47.736	117.290
8C.CI20	6.963	45.820	221.602
NL.G142	6.771	53.359	1807.704
Y8.RO06A	22.339	47.311	994.561
RO.DEV	22.898	45.887	91.695
NS.FAUS	15.288	67.382	224.455
Z6.ME05A	18.509	42.460	564.086
Z6.A262A	16.528	46.864	318.476
NL.HWF2	6.351	53.071	4238.659
HL.NISR2	27.177	36.574	91.062
NL.ZH021	4.488	52.074	1903.825
Z6.NKME	18.953	42.767	262.408
CH.HASLI	8.151	46.757	304.266
GQ.LNDWU	12.329	50.258	281.900
NL.G404	6.810	53.225	1823.827
IV.MILN	9.232	45.480	763.648
GE.VSU	26.735	58.462	176.215
Z6.PRZK	20.758	42.211	154.740
SL.GORS	14.000	46.317	135.941
KQ.BUESM	8.878	54.133	327.224
HL.ATH	23.718	37.974	125.295
GU.CARD	10.482	44.026	106.709
NL.G011	6.731	53.443	2105.762
FR.SPIF	7.237	44.056	175.435
NL.GK022	6.293	53.301	1986.670
NL.G704	6.538	53.241	1986.576
HA.AXAR	22.659	38.766	143.163
KO.ERIK	26.513	40.671	133.198
OE.ARSA	15.523	47.251	117.350
NL.G603	7.075	53.298	1855.855
Z6.AL01A	19.549	42.346	157.581
ES.EJON	2.889	42.449	191.146
1Y.GR31	22.521	37.033	212.607
Y5.BH11A	16.531	44.482	64.693
IY.CNDF	15.857	38.003	86.802
CH.BALST	7.695	47.336	285.898
NO.ARB2	25.513	69.536	428.875
HT.THE	22.963	40.632	174.625
Y8.RO09A	20.904	45.716	350.343
KQ.BIRK	10.073	54.445	331.001
KO.LADK	32.365	38.200	167.387
KO.YOZ	35.315	39.638	118.407
OE.SOKA	15.033	46.678	122.146
NL.G242	6.856	53.290	1760.112
NL.MAME	5.973	50.800	284.345
CL.AGRP	21.723	38.396	155.509
CH.SIMPL	8.020	46.240	184.860
HA.THAL	22.663	38.036	149.665
GE.KTHA	23.062	36.257	253.599
Z6.A145A	12.391	47.869	363.141
TU.AYDN	27.879	37.661	233.994
NL.G413	6.892	53.223	1646.260
Z6.CP11A	20.265	48.917	104.297
NL.G052	6.771	53.418	1520.187
NL.FR063	6.024	53.001	1701.646
IV.IVLT	14.948	38.396	152.603
Z6.A273A	17.816	45.916	293.683
NL.G201	6.895	53.335	1893.954
WM.SFS	-6.205	36.466	214.340
Y8.RO17A	25.475	45.028	147.430
EI.IMAC	-9.070	51.846	3044.245
GR.GOLD	9.425	52.922	231.910
NL.ENM4	6.482	53.406	4279.106
GR.SKMB	9.438	54.718	437.948
TH.HWTS	11.472	50.592	156.957
NL.G514	6.885	53.173	1759.146
BW.RJOB	12.796	47.737	228.454
CH.TORNY	6.959	46.774	418.200
OX.CIMO	12.445	46.312	139.827
Z6.KKS	20.402	42.073	152.334
IV.CAR1	16.211	39.253	106.933
CH.BERNI	10.023	46.414	169.298
NL.G472	6.941	53.196	1827.326
WM.TIO	-7.262	30.927	134.976
IV.CFMN	14.090	40.833	189.919
Y8.PL12A	21.929	50.579	233.067
BW.MGBB	12.215	49.972	161.208
NL.G033	6.598	53.416	1824.686
FR.RESF	0.338	42.807	176.285
TH.ZEU	11.977	50.671	159.623
IV.ARCI	11.475	42.852	70.212
XP.FR04A	4.582	46.596	308.666
FR.MON	7.425	43.730	360.684
CH.ROTHE	7.921	47.476	391.271
PM.PVAQ	-7.717	37.404	130.345
MN.WDD	14.524	35.837	94.829
NL.G134	6.669	53.349	1850.747
IV.STRC	15.192	38.791	173.358
NO.NC600	11.458	60.747	232.329
KO.YLV	29.371	40.566	95.637
NL.L2073	6.974	52.756	1821.609
HP.DRO	21.710	37.952	168.191
FR.PLOF	-3.430	47.746	646.314
TH.CRUX	10.792	50.602	179.282
OE.ABTA	12.512	46.747	142.808
1Y.GR13	23.186	40.352	90.955
BW.FFB3	11.276	48.165	243.274
HT.XOR	23.192	39.366	102.986
Z6.A034A	13.078	46.911	132.908
NL.VLW3	7.097	52.968	3149.691
BW.BHG	12.877	47.721	206.617
NL.G621	6.842	53.387	1813.309
SK.KOLS	22.273	48.933	228.887
NL.FR041	6.119	52.876	1722.394
BW.WARN	10.559	48.705	207.084
NO.NAO01	10.887	60.844	235.523
IV.CPTP	14.162	37.407	329.507
NL.G324	6.579	53.250	1827.376
FR.BOUC	6.256	47.247	335.123
IY.CHCE	16.414	38.684	48.362
BW.MGS04	11.719	47.980	352.828
NL.G592	6.988	53.116	1750.742
NL.G431	7.079	53.232	1913.715
HL.THL	22.014	39.565	119.061
Z6.A015A	14.994	48.934	139.609
FR.FOURG	5.811	47.104	346.668
KO.HDMB	32.486	36.964	110.786
GR.UBBA	10.001	50.819	203.996
BW.SCE	11.709	47.038	27.753
NL.ZH014	4.288	51.914	1746.203
NL.GK043	6.326	53.246	1803.856
NO.NC305	11.403	61.298	237.596
HL.NISR	27.131	36.611	255.358
RO.PGOR	26.977	44.920	306.972
NO.ARD3	25.548	69.537	402.763
CH.WOLEN	7.369	46.998	399.871
KO.EREN	34.174	35.529	149.346
FN.OUL	25.896	65.085	234.570
NL.G662	6.585	53.179	1939.551
GE.PBUR	21.929	56.024	336.037
NO.NC202	10.911	61.255	254.054
NL.T054	6.906	52.381	1787.849
IV.SNTG	12.941	43.255	118.573
GE.SALP	35.191	32.069	3147.527
KO.CORM	34.630	40.178	134.688
GB.LBWR	-1.725	53.401	232.683
NL.ZLV1	6.753	53.092	4450.411
KO.FETY	29.084	36.635	335.863
SL.LJU	14.528	46.044	148.396
NL.G223	6.678	53.310	1965.552
HE.KU6	29.891	66.025	512.850
NL.J02	5.195	52.725	141.745
IV.EMSA	14.945	37.498	429.643
FO.BETS	7.924	48.894	361.710
IV.LIBRI	14.929	38.084	145.872
FR.OGCC	5.550	44.429	552.422
NL.ENM3	6.482	53.406	4334.905
IV.NDIM	10.899	44.887	282.837
FR.ARBF	5.332	43.492	306.488
Z6.CP01A	19.811	50.016	130.133
Y8.BG04A	26.461	42.834	163.881
NL.ENV2	6.634	52.894	4368.785
Y5.BH20A	17.662	45.093	126.852
IV.VMAN	10.663	45.313	516.398
NL.DR022	6.508	52.703	1759.502
NL.G513	6.885	53.173	2047.758
HP.PDO	21.183	38.599	273.863
NO.NB200	11.215	61.040	259.489
SI.KOSI	11.378	46.463	169.539
NL.G414	6.892	53.223	1732.809
TH.PLN	12.157	50.485	152.843
SX.WERD	12.307	50.448	167.350
KO.SVRH	31.523	39.447	90.911
SS.COI	-8.412	40.208	177.545
NL.ZH031	4.400	51.978	1810.041
IV.ORI	16.450	40.051	144.497
GB.LMK	-0.326	53.457	1008.867
NL.FR064	6.024	53.001	1736.305
OE.FETA	10.729	47.021	180.204
IV.CASP	10.865	42.791	89562.515
OX.ACOM	13.514	46.548	153.713
CH.DIX	7.408	46.081	241.385
NL.G301	6.895	53.279	1811.956
Z6.A263A	17.315	46.641	154.036
Y8.RO07A	27.109	46.332	197.783
KQ.PEEM	13.765	54.139	279.452
NO.ARB5	25.498	69.536	391.664
1Y.GR28	21.140	37.890	219.247
GR.GRC2	11.374	48.867	173.762
IV.FERC	16.128	38.453	20345.124
NL.T032	6.792	52.430	1818.815
NL.G604	7.075	53.298	1725.551
CH.VDL	9.449	46.483	190.113
NL.G111	6.889	53.367	1740.427
NS.MOL	7.547	62.570	297.759
GR.A807	13.418	52.097	369.011
KO.KRBG	27.298	40.393	1584.627
3D.OEM7	14.971	38.483	121.876
HL.LKR	22.999	38.650	105.847
IV.GATE	14.910	41.513	192.546
FR.CARF	2.105	42.715	216.749
IV.PANTE	11.995	36.810	144.878
HE.RMF	29.932	64.218	423.720
CA.CAVN	0.751	41.882	226.681
NL.G342	6.765	53.253	1718.011
CA.CSOR	1.133	42.374	208.433
HT.NYDR	20.698	38.714	474.693
NL.PPB2	4.670	52.653	4447.945
HE.VRF	29.609	67.748	653.096
NS.ROROS	11.555	62.562	204.799
NL.G703	6.538	53.241	1818.097
HL.VAM	24.200	35.407	173.815
FR.SMPL	9.285	42.094	150.419
NL.ZH072	4.295	52.104	1577.502
Y5.BH01A	18.963	43.626	172.804
IV.ATFO	12.572	43.367	118.831
NL.T053	6.906	52.381	1702.489
QE.HNA2	4.961	60.611	486.880
NO.NC205	10.823	61.323	234.035
TH.GLEI	10.206	51.292	189.912
UP.LANU	21.996	68.047	304.516
NL.G492	6.731	53.176	1946.647
NL.G531	7.080	53.167	1876.375
NO.ARD4	25.536	69.527	385.702
HL.KLV	22.150	38.044	122.534
CH.LAUCH	7.772	46.416	247.914
IV.SALB	16.346	39.877	88.974
UD.LUBAR	27.758	49.920	1080174.303
NL.G224	6.678	53.310	1921.767
FR.TERF	-1.113	43.679	309.919
IV.ALJA	13.754	37.749	179.015
BW.MGS03	11.707	48.071	378.305
XP.FR35A	2.692	43.551	253.305
FR.NEEW	8.104	48.956	483.257
IX.RSF3	15.176	40.964	129.477
SL.GCIS	15.627	45.867	128.414
NL.G323	6.579	53.250	1963.774
BW.HROE	10.157	50.537	186.003
HU.TRPA	22.539	48.130	122.299
KO.DAT	27.577	36.731	7.615
NO.NC302	11.473	61.233	240.453
IV.MRCB	15.703	38.162	96.249
1Y.MK04A	22.889	41.419	113.143
NL.GK044	6.326	53.246	1680.376
NL.ZH013	4.288	51.914	1977.041
KO.KULU	33.002	39.034	67.272
IV.VBKE	14.439	40.819	181.360
HT.KRND	23.150	37.383	155.168
ES.ZVGAR	2.510	42.143	334441.933
RO.BMR	23.497	47.673	107.881
Y8.PL23A	20.323	50.234	196.912
KO.CEYT	35.748	37.011	173.319
HP.DSF	22.527	38.411	123.836
NL.L2074	6.974	52.757	1575.582
CH.BRANT	6.473	46.938	462.469
FR.LEMB	7.759	49.035	260.545
NL.G133	6.669	53.349	1817.970
RO.TSSL	29.727	45.162	472.975
CH.VDR	9.166	46.206	182.021
IV.TOLF	12.000	42.064	1432.426
Y8.PL02A	22.537	49.378	130.770
NL.VLW4	7.097	52.968	3446.802
WM.MAHO	4.266	39.896	465.291
NS.JNW	-8.424	71.027	561.010
IV.FVI	12.780	46.597	79.243
1Y.GR14	20.579	39.900	198.319
FR.ORDF	-0.937	43.212	236.196
NL.G572	7.022	53.135	1785.429
IV.LATE	11.804	42.614	120.705
RO.BORR	21.786	47.090	298.491
EI.ITIP	-8.079	53.046	2029.025
NL.G682	6.635	53.235	1783.242
IV.OSSC	11.246	43.524	128.266
HL.SIVA	24.812	35.018	185.256
HT.TSLK	20.655	38.825	1295.417
HP.PRMD	21.096	39.530	275.907
IV.ASSB	12.659	43.043	95.882
HU.EGYH	17.332	47.416	295.328
GB.LRW	-1.178	60.136	1637.927
IV.IST3	15.230	38.799	209.922
CH.LIENZ	9.492	47.294	297.818
NS.OSL	10.722	59.937	248.979
NL.G034	6.598	53.416	1861.066
KQ.NONN	13.692	54.111	294.635
RD.SAVF	5.124	48.615	586.681
NL.G372	7.035	53.274	1705.829
SX.ROHR	12.317	50.234	396.370
OX.CAE	12.438	46.009	226.968
KO.MERS	34.522	36.868	141.949
Y5.BH02A	18.424	43.875	162.284
IV.TDS	16.338	39.660	108.934
HA.KALE	22.140	38.391	142.318
HL.KZN	21.782	40.303	101.934
NL.ZH042	4.363	51.842	2102.616
IV.HPAC	15.037	36.709	155.948
GU.ROTM	8.353	44.849	462.017
FR.MOLES	4.392	47.931	365.019
NL.G634	6.911	53.331	1656.587
BW.BIB	11.247	48.152	256.495
1Y.GR06	26.272	41.339	74.273
1Y.GR18	22.668	39.728	106.604
NL.G082	6.644	53.395	1952.794
HL.THI2	23.211	38.373	213.662
NL.G121	6.571	53.370	1785.965
IV.SELL	16.628	38.983	30.566
Y8.RO25A	21.576	45.979	349.319
NL.VNDM3	6.839	53.115	1674.242
NL.WYN4	5.458	53.200	717.888
NL.L2066	6.823	52.810	3790.649
GR.ZARR	10.918	53.554	389.393
GR.HLGA3	7.894	54.175	298.653
Y8.BG19A	25.956	43.718	118.099
FR.VILS	4.086	49.122	675.820
NL.G424	6.989	53.222	1832.067
HP.LTHK	20.837	37.709	337.644
IV.CELB	10.211	42.747	129.610
IV.ATMI	12.268	43.334	116.565
NO.NC405	11.715	61.113	246.088
NL.FR054	5.869	53.070	1846.126
NL.OTL1	4.823	52.629	4300.125
IV.RSM2	12.445	43.938	285.593
NL.L2081	6.920	52.670	4052.904
Y8.RO04A	27.447	45.078	284.280
HT.OUR	23.979	40.333	98.071
Z6.A260A	16.706	47.283	254.602
NL.G331	6.671	53.250	1904.794
RD.ETSF	-0.559	42.899	159.034
NL.G292	6.787	53.281	1778.605
G.ECH	7.159	48.216	264.196
GR.LUEB	8.699	52.297	234.702
NL.G162	6.531	53.339	1860.694
CA.CORI	2.049	41.972	262.212
IV.ARVD	12.942	43.498	106.174
RD.ROSF	-3.274	48.336	451.396
BW.BE1	11.221	47.911	324.930
Z6.CP02A	19.970	49.909	170.489
NO.ARD8	25.469	69.538	391.348
RO.LOT	23.770	45.446	78.900
KO.KDZE	31.443	41.313	46.202
NL.NH011	4.997	52.566	1980.484
FR.SLVF	2.164	44.191	309.015
NL.T041	6.890	52.437	1770.070
HC.KOSP	27.281	36.881	433.672
IV.HSRS	15.222	37.093	101.419
HE.KPF	22.070	61.834	375.723
NS.VAGH	13.271	66.730	213.019
NL.T084	6.996	52.389	1615.515
Z6.A027A	14.007	46.816	148.324
HT.KOKK	23.999	40.818	83.493
CQ.NATA	32.570	34.779	206.706
HT.GRG	22.401	40.957	257.975
GX.WANN	13.125	52.411	237.865
IV.CAMP	13.409	42.536	115.013
RO.NEGRR	27.877	45.537	118.670
IV.ECNE	15.002	37.765	250.192
Z4.PSIS1	-0.723	46.184	437.265
CH.METMA	8.253	47.712	258.586
KO.AYDB	27.891	37.947	99.527
CH.VMV	9.022	46.423	196.434
RD.ETNF	6.038	48.262	305.342
NO.NBO02	10.857	61.049	241.018
HT.DMLN	20.373	38.239	918.255
XP.FR17A	2.259	45.145	336.340
FR.LEUC	2.554	44.761	300.525
GB.MCH1	-2.998	51.997	168.156
NL.L4117	6.631	53.032	5951.317
NL.G103	6.804	53.378	1993.503
1Y.GR24	22.194	38.689	125.104
CR.ZAG	15.994	45.829	392.655
RO.CRAR	23.800	44.325	197.662
Y8.PL01A	22.684	49.064	190.339
NS.JNE	-8.293	70.988	436.479
GU.BURY	7.557	43.782	213.696
NO.ARC7	25.494	69.540	395.950
NL.G542	6.758	53.124	1929.393
KO.YAYO	27.073	39.611	94.091
CA.CARA	0.818	42.708	195.631
IV.SPS2	16.339	39.291	34.900
Y8.AVR	27.669	43.119	140.106
ML.XLND	14.220	36.032	91.044
KO.EDRB	26.744	41.847	265.701
BE.UCC	4.360	50.797	298.594
GR.FBRG	10.198	52.906	522.230
8D.A060B	7.978	46.993	407.557
IV.ROVR	11.072	45.647	168.201
HU.ABAH	21.240	48.296	128.402
NL.ZH023	4.488	52.074	1809.245
IV.MARS	12.565	37.753	405.451
CQ.ATHA	33.396	35.141	313.676
KO.YALI	32.982	40.768	152.785
CH.FLACH	8.568	47.572	335.333
IV.VBKW	14.414	40.824	176.625
GR.KBON	11.773	54.116	351.551
BW.RTBE	12.824	47.745	259.755
NL.T063	6.910	52.343	1791.552
QE.HNB2	4.965	60.613	478.540
KO.BZK	34.004	41.960	211.770
MN.VSL	9.378	39.496	133.715
HU.KOVH	18.100	46.088	115.682
RO.VASR	27.791	46.642	29.902
RO.SCTR	27.995	45.674	330.025
XE.FRASC	16.266	39.838	111.540
IV.PTQR	13.401	42.022	121.213
NL.G214	6.594	53.313	1836.635
FR.SGSF	3.619	45.048	307.882
XE.T0701	16.116	39.986	102.687
FR.CALF	6.922	43.753	268.873
IV.ECZM	14.904	37.731	265.970
XP.FR09A	2.630	46.138	314.111
SX.TRIB	12.137	50.352	174.418
FR.SDOF	-1.411	46.047	502.833
NL.G231	6.768	53.309	1884.895
RO.TLCR	28.815	45.186	114.632
NL.G392	6.724	53.225	1732.955
IV.MTCE	12.742	42.023	113.392
8C.CI19	6.899	45.945	253.203
DK.MUD	9.173	56.455	224.794
NS.KTK1	23.237	69.012	336.509
FR.URDF	-0.593	43.438	250.748
CH.PANIX	9.112	46.826	207.788
KO.SIMA	28.983	39.083	192.357
TH.HKWD	12.268	50.830	150.087
NL.G423	6.989	53.222	1756.524
IV.ATVO	12.407	43.382	117.713
RO.ARR	24.633	45.366	84.093
HL.KEK	19.796	39.713	238.511
KO.GAZK	27.328	40.748	145.998
IV.USI	13.179	38.708	195.352
IV.VBKN	14.430	40.830	183.567
IV.MTSN	15.752	40.266	133.940
GU.BLANC	6.934	45.844	267.466
GR.WEEZ	9.627	52.303	265.641
HL.SKY	24.548	38.883	281.839
TH.GRZ1	12.220	50.691	150.727
NL.L2086	6.919	52.669	4922.828
Z6.CP12A	20.284	48.790	102.383
RO.VOIR	25.049	45.437	79.041
IY.OPPI	16.010	38.267	66.398
NL.FR053	5.869	53.070	3441.907
IV.PZIN	11.973	36.812	196.557
NL.G062	6.871	53.411	1782.253
NO.NC402	11.757	61.045	230.866
SL.PDKS	14.998	46.061	312.596
Y5.BH12A	17.157	44.393	155.441
CH.AIGLE	6.953	46.342	273.226
Z6.AL02A	19.396	41.409	748.635
1Y.GR01	23.291	41.285	89.481
NL.G633	6.911	53.331	1818.580
ZO.PDN9	11.172	45.308	195.730
NL.VDM21	6.834	53.084	1666.658
HA.LAKA	21.979	38.240	139.038
NO.ARA2	25.508	69.534	397.840
UP.AAL	19.994	60.178	219.268
KO.KVT	36.046	41.081	124.749
NL.G272	6.628	53.283	1957.006
GU.GRAM	10.065	44.490	207.559
FR.CLF	2.260	48.020	795.062
NL.L2061	6.825	52.809	4211.357
BW.GELB	11.251	48.163	247.806
NL.WYN3	5.458	53.200	19972.873
Z6.A146A	12.975	48.293	304.706
NL.VNDM4	6.839	53.115	1681.707
HT.SRS	23.595	41.109	83.598
FR.RSL	6.625	45.688	231.157
IY.SPDC	16.132	38.526	112.946
PL.KWP	22.707	49.631	207.373
NL.G182	6.722	53.331	1885.636
NL.G021	6.806	53.449	2117.321
IV.ACER	15.943	40.787	227.982
HL.ORTH	20.696	37.851	403.499
IV.ECTS	15.121	37.882	149.882
NL.GK012	6.247	53.291	1695.048
IV.GIGS	13.573	42.453	120.043
HC.RODP	23.758	35.560	250.261
CA.CEST	1.254	42.599	219.350
HC.GVDS	24.058	34.839	183.766
RO.DOPR	25.389	45.968	122.985
HT.KPRO	21.363	39.955	180.028
Y8.PL30A	17.694	50.144	125.624
NL.N032	6.405	53.111	1545.518
KO.SERE	33.564	38.946	177.281
CH.NALPS	8.748	46.595	227.525
HL.VLS	20.589	38.177	493.289
Z6.A029A	13.761	47.430	161.716
QE.HNB5	4.949	60.612	505.383
NL.T064	6.910	52.343	1750.293
NL.G652	6.954	53.169	1686.914
KO.KLYT	29.042	41.253	321.332
KO.SAUV	30.327	40.740	246.613
NL.G213	6.594	53.313	1851.439
NL.L1077	7.095	52.920	1564.331
IV.MRB1	14.968	41.123	248.038
NL.G84B	7.038	53.221	0.155
CA.CBEU	2.676	42.256	224.521
XP.FR26A	4.575	44.514	459.557
MN.SENA	9.457	40.444	148.956
IV.BDI	10.597	44.062	113.667
MT.AVP	5.672	44.941	263.972
SL.GOLS	15.624	46.011	144.908
GE.ZKR	26.217	35.115	334.306
HL.PTL	23.864	38.047	122.102
HT.NEST	21.049	40.415	159.425
SL.ZAVS	15.025	46.434	130.695
FR.ATE	-0.701	43.086	157.019
NL.G314	7.022	53.296	1743.170
UP.NOD	14.857	63.443	203.554
NL.G401	6.810	53.225	1915.791
IV.MSRU	15.508	38.264	103.896
GR.GTTG	9.964	51.546	196.378
IV.SSFR	12.782	43.436	108.999
NL.ZH024	4.488	52.074	1727.223
HL.THVA	23.336	38.330	229.463
NL.G104	6.804	53.378	1665.752
IV.PESA	12.840	43.941	176.170
SL.BOJS	15.252	45.504	116.662
NI.PALA	12.924	46.245	208.242
WM.CART	-1.001	37.587	141.626
CQ.MVOU	33.632	35.016	96.577
Z6.HU24A	21.159	46.910	348.410
NL.G611	6.681	53.382	1732.363
1Y.GR23	23.229	38.808	118.953
NL.G442	6.684	53.204	1844.895
NS.LOSSI	17.791	68.191	263.902
HT.AOS2	23.844	39.148	106.753
OE.MYKA	13.642	46.630	149.699
IV.NRCA	13.114	42.834	105.296
MD.PURM	29.872	46.529	125.864
GE.CSS	33.331	34.961	100.331
NL.T083	6.996	52.389	1522.261
NO.NBO05	11.198	61.071	243.188
FR.REST	3.859	43.715	316.592
NL.FR032	5.713	52.981	2002.913
NS.BER	5.330	60.385	540.666
FR.OGMO	6.683	45.209	207.046
IV.RMP	12.705	41.812	218.758
Y8.SGRR	25.974	44.223	131.660
KO.YER	28.284	37.134	206.641
HA.KARY	24.437	38.032	94.602
UD.KPD	26.460	48.563	107.626
FN.MSF	29.040	65.911	261.569
IV.PABO	14.387	41.749	246.979
IV.GIZZ	16.208	38.980	98.066
ML.MSDA	14.484	35.901	95.060
Y8.PL21A	19.871	49.558	175.632
NL.ZH033	4.400	51.978	1737.148
CA.CTRE	0.772	42.322	193.631
BE.RCHB	5.227	50.155	308.364
NL.G303	6.895	53.279	1748.786
RO.CHLR	29.289	45.425	65.062
UP.VIKU	16.699	58.502	198.573
NL.ENM1	6.482	53.406	4450.834
FR.BALS	3.452	44.520	310.059
XP.FR08A	4.124	46.203	334.347
KO.DKL	26.905	39.071	146.466
FR.CAMF	-4.615	48.269	899.007
NL.G204	6.895	53.335	1788.398
KO.EZN	26.325	39.825	89.380
HP.KSTR	20.576	39.249	15.777
NL.G511	6.885	53.173	2151.275
RO.HUMR	24.980	44.528	214.363
FN.RNF	26.014	66.609	312.405
GE.IMMV	23.981	35.461	146.417
GR.BRG	13.944	50.873	137.697
NO.NB202	11.278	61.007	235.276
NS.SKAR	8.304	60.681	297.793
NS.STOK	13.018	66.333	212.953
NL.G014	6.731	53.443	1928.464
CH.WALHA	9.123	47.753	278.109
FR.OGVG	6.112	44.815	220.045
SX.LANDS	12.163	51.526	206.236
TH.MODW	12.468	50.943	155.449
OE.KBA	13.345	47.078	140.332
FR.OLIV	-4.144	47.923	688.464
GR.CLL	13.002	51.308	134.888
GR.BFO	8.330	48.330	254.840
FR.AJAC	8.763	41.928	181.207
Z6.A026A	14.551	46.933	148.860
FR.SALF	1.188	42.759	222.113
GE.IBBN	7.759	52.306	285.473
NL.G701	6.538	53.241	1861.730
HU.LTVH	21.901	47.385	255.307
NL.G552	6.846	53.143	1651.077
GU.ENR	7.420	44.227	168.682
BW.TON	11.289	48.174	242.951
RO.SCHL	27.830	45.501	236.514
NL.G113	6.889	53.367	1720.538
IV.APEC	12.420	43.558	187.338
3D.OEM5	14.966	38.422	232.649
GR.HLGB1	7.912	54.183	320.163
NL.G321	6.579	53.250	1954.985
Z6.A261A	17.149	46.952	198.356
NL.G282	6.729	53.272	1989.317
GU.CANO	8.237	44.208	114.842
Y8.RO05A	24.314	44.980	196.283
FR.BOUF	-1.638	47.161	444.043
CH.TRULL	8.682	47.649	272.953
BW.MGS01	11.510	48.067	279.838
CH.LKBD2	7.644	46.375	245.584
NL.FR044	6.119	52.876	7417.052
HA.ACOR	22.869	37.891	133.830
KO.YESY	33.743	37.782	192.734
NO.NAO04	10.763	60.811	247.873
IV.SCIC	14.672	36.796	157.520
NL.ZH011	4.288	51.914	2240.611
IV.SCIAC	13.102	37.516	92.357
NO.NC300	11.414	61.262	249.216
NL.G434	7.079	53.232	1824.108
NL.T051	6.906	52.381	1819.904
QE.HNA0	4.957	60.611	496.326
UP.NRAU	15.040	59.571	204.554
CH.BOURR	7.230	47.394	345.481
NL.G533	7.080	53.167	1824.885
NO.ARD6	25.490	69.523	398.100
RO.VARL	27.849	45.900	212.732
Z6.CP03A	20.082	49.747	231.445
KO.BGKT	28.773	41.181	205.529
GE.ISP	30.509	37.843	92.210
IV.PTRP	16.061	40.521	195.003
CA.CORG	1.317	42.229	241.082
NL.G172	6.636	53.336	1795.920
NL.ZLV4	6.753	53.092	4426.662
KO.KAMT	33.712	39.369	87.870
FR.CHIF	-0.406	46.133	400.451
FR.HARD	1.944	49.305	481.770
Y5.BH03A	17.689	43.821	168.613
GU.POPM	10.757	44.045	149.817
IX.LIO3	15.180	40.897	195.713
KO.APMY	29.302	37.472	167.872
CH.LLS	9.008	46.847	212.280
KO.KIZT	31.883	38.881	111.082
HL.PRAS	24.550	41.352	3.433
NL.G362	6.924	53.265	1762.348
IV.VISG	11.434	44.189	87.325
CH.SAIRA	7.086	47.303	312.877
NO.NC605	11.410	60.777	227.487
IV.PGEL	11.979	36.794	168.737
NL.L2076	6.974	52.757	2315.222
CH.DAGMA	8.012	47.231	1275.953
IV.MPG	13.360	38.162	121.655
IV.PTMR	14.035	40.761	320.020
IV.IFOR	13.855	40.712	163.997
OE.SQTA	11.209	47.221	197.687
NL.G092	6.725	53.388	1896.455
NL.G131	6.669	53.349	2093.277
HP.GUR	22.342	37.936	116.161
RO.SULR	26.253	44.678	262.097
1Y.GR16	21.938	40.042	127.760
NS.HYA	6.186	61.163	482.534
GR.GRA2	11.358	49.654	217.228
NL.G624	6.842	53.387	1748.706
KO.CRLT	27.736	41.129	246.930
CQ.PARA	34.040	34.994	214.037
OE.VIE	16.362	48.248	267.673
Z6.A036A	12.309	47.379	59639245.403
1Y.GR33	22.334	36.762	192.624
RO.BZS	21.640	45.619	90.206
NL.G601	7.075	53.298	1887.538
SL.JAVS	14.064	45.893	147.091
TH.BONN	11.002	51.307	176.380
NL.TERZ	5.906	50.757	288.008
KO.RUZG	31.794	40.724	101.675
NL.VBG2	6.669	52.544	4328.202
HL.IACM	25.071	35.306	164.292
KO.SARI	36.418	38.407	111.302
FR.MERIC	1.948	49.898	488.008
NL.G114	6.889	53.367	1702.383
IV.PZUN	15.807	40.646	223.931
BW.MGSBH	11.639	48.030	320.869
IV.ESCV	14.815	37.747	261.506
NL.G013	6.731	53.443	1858.601
XP.FR06A	3.447	46.378	317.637
IV.EPDN	15.017	37.766	247.608
IV.OVO	14.397	40.828	168.049
HA.THIV	23.332	38.299	239.880
NL.FR022	5.930	52.856	1916.789
Y8.PL10A	21.890	49.905	249.753
FR.MORSI	9.363	42.953	123.758
NS.KMY	5.245	59.211	378.302
NS.VADS	29.365	70.120	504.318
HP.AMT	21.709	37.532	154.578
NL.G452	6.764	53.200	1730.928
IV.ORZI	9.931	45.406	618.818
NL.G203	6.895	53.335	1751.380
GR.TNS	8.449	50.224	234.170
AC.SRN	20.000	39.880	112.028
HT.ALN	26.046	40.885	90.751
FR.BSTF	5.643	43.801	7.617
NO.NB205	11.198	61.071	235.357
NL.G642	7.038	53.221	2423.610
KO.DALY	28.653	36.816	387.618
NL.N022	6.453	53.072	2129.257
FR.LATF	1.309	43.235	490.067
Y8.PL31A	18.354	50.070	167.912
NL.ZH034	4.400	51.978	1709.871
NL.G411	6.892	53.223	1800.487
FR.OGSM	5.697	45.609	350.752
IV.EMAS	15.053	37.579	329.624
NL.G304	6.895	53.279	1803.572
IV.CROCE	14.534	36.833	98.955
IV.MUCR	14.874	38.043	139.650
XP.FR18A	2.807	44.967	341.868
NL.FR061	6.024	53.001	1974.651
TH.POSS	10.867	51.333	148.296
KO.TAHT	36.185	36.376	171.732
SX.SCHF	12.403	50.677	167.527
FR.PIAF	7.617	44.116	164.093
FR.NIMR	7.203	43.680	242.040
IV.EPOZ	15.188	37.672	237.547
FR.OGDI	6.225	44.109	394.122
NL.L2071	6.975	52.757	1562.258
NO.NC602	11.541	60.735	243.542
NL.G262	6.546	53.282	1837.962
C4.CERN1	6.055	46.236	424.332
TH.THWA	10.677	50.763	170.921
AC.KBN	20.787	40.624	146.625
HL.GVD	24.087	34.839	250.108
HL.TETR	21.275	39.344	215.735
KO.YAYX	33.812	38.939	333.184
HA.PSAH	23.647	38.569	128.540
GR.SCHI	12.845	53.341	277.604
NL.VLW1	7.097	52.968	3329.650
NL.G623	6.842	53.387	1746.554
BW.FFB1	11.275	48.163	250.792
Y5.BH13A	16.320	44.891	97.872
1Y.GR11	22.190	40.523	114.631
Z6.AL03A	20.005	41.602	173.550
HP.ANX	21.921	38.593	11.264
TV.SU26	8.490	39.123	115.485
IV.CESI	12.905	43.005	109.887
IV.VPOB	14.383	40.853	271.068
CH.ACB	8.255	47.588	253.722
GB.CCA1	-5.228	50.187	989.729
7C.CS2FS	16.258	39.293	34.002
Y8.RO34A	22.996	46.414	92.201
IV.CSNT	11.290	43.473	111.893
XE.SHEVA	16.168	39.815	104.833
NL.G192	6.817	53.338	1991.684
NL.G031	6.598	53.416	1864.700
HL.KSTE	25.337	35.180	185.002
BW.ROTZ	12.207	49.767	156.629
NL.G534	7.080	53.167	1762.182
PL.SUW	23.181	54.013	40.264
NO.ARD1	25.509	69.548	410.199
NS.HOMB	8.505	58.270	253.879
RO.STFAR	24.961	44.863	247.884
NO.NC200	10.835	61.281	237.622
NL.ZLV3	6.753	53.092	4216.838
SL.SKDS	14.014	45.546	111.147
UD.AKBB	29.224	50.701	98.024
IV.CGL	9.296	39.366	135.407
Z6.A271A	18.834	47.155	267.196
RO.TLBR	28.047	44.544	119.458
NL.G221	6.678	53.310	1897.980
FR.BRGF	1.771	45.957	336.214
FR.MTNF	-0.846	48.272	512.275
NL.G382	6.548	53.201	1895.763
NS.SNART	7.210	58.339	278.399
HE.RAF	21.765	61.022	372.359
NO.NAO03	10.808	60.788	240.656
NL.NIW2	6.043	53.355	4398.801
NL.G072	6.546	53.395	1903.668
FR.ENAUX	6.777	44.109	205.627
CL.PSAM	22.184	38.322	134.143
NL.FR043	6.119	52.876	1626.279
Z6.CP13A	20.341	48.712	103.453
WM.AVE	-7.413	33.298	295.264
OE.MOA	14.266	47.849	193.327
TH.ANNA	12.645	50.889	134.138
NL.G433	7.079	53.232	1622.013
NL.GK041	6.326	53.246	1763.912
KO.PHSR	27.524	41.631	778.681
