STATION	LONGITUDE	LATITUDE	NOISE(NM/S)	NOISE(CATEGORY)
1Y.GR01	23.291	41.285	377.184	L
1Y.GR02	24.160	41.160	467.524	L
1Y.GR03	24.882	41.150	630.860	L
1Y.GR04	24.964	40.980	757.278	L
1Y.GR06	26.272	41.339	306.452	L
1Y.GR07	22.021	40.784	361.354	L
1Y.GR09	23.687	40.660	719.380	L
1Y.GR10	21.594	40.483	355.975	L
1Y.GR11	22.190	40.523	420.653	L
1Y.GR12	22.542	40.471	1277.793	M
1Y.GR13	23.186	40.352	540.256	L
1Y.GR14	20.579	39.900	708.533	L
1Y.GR15	21.047	39.941	661.540	L
1Y.GR16	21.938	40.042	434.508	L
1Y.GR17	21.631	39.734	608.253	L
1Y.GR18	22.668	39.728	492.302	L
1Y.GR20	21.746	39.235	526.208	L
1Y.GR21	22.513	39.373	484.249	L
1Y.GR22	22.826	39.089	459.990	L
1Y.GR23	23.229	38.808	818.097	M
1Y.GR24	22.194	38.689	494.339	L
1Y.GR26	23.411	38.400	738.866	L
1Y.GR27	24.233	38.182	1246.569	M
1Y.GR28	21.140	37.890	937.883	M
1Y.GR29	21.923	37.704	880.790	M
1Y.GR30	22.577	37.522	1054.293	M
1Y.GR31	22.521	37.033	1510.947	M
1Y.GR32	22.988	36.967	1203.793	M
1Y.GR33	22.334	36.762	1688.560	M
1Y.MK01A	21.851	42.279	325.295	L
1Y.MK02A	20.884	42.013	407.884	L
1Y.MK03A	21.990	41.196	352.326	L
1Y.MK04A	22.889	41.419	374.233	L
4P.IT01A	8.768	45.379	3906.845	H
4P.IT02A	8.361	45.623	1057.239	M
4P.IT03A	8.289	45.238	3123.596	H
4P.IT06A	7.880	44.536	2577.143	H
4P.IT07A	9.837	44.874	3607.790	H
4P.IT08A	12.070	44.984	2244.148	H
4P.IT09A	11.436	44.661	2218.418	H
9H.HR02A	15.941	44.108	294.054	L
9H.HR03A	15.973	43.861	795.546	L
9H.HR04A	16.281	43.822	293.468	L
9H.HR06A	16.373	43.664	669.837	L
9H.HR07A	16.582	43.825	602.372	L
9H.HR08A	16.611	43.517	285.790	L
9H.HR09A	16.903	43.486	680.570	L
9H.HR10A	17.219	43.342	252.375	L
9H.HR11A	17.374	43.207	264.312	L
9H.HR12A	17.610	42.987	811.479	M
AC.SRN	20.000	39.880	403.116	L
AC.VLO	19.496	40.469	2370.610	H
BW.ALFT	11.280	48.142	1040.316	M
BW.BE1	11.221	47.911	1170.212	M
BW.BGDS	13.027	47.635	757.077	L
BW.BHG	12.877	47.721	1248.224	M
BW.BIB	11.247	48.152	1004.137	M
BW.FFB1	11.275	48.163	991.577	M
BW.FFB3	11.276	48.165	965.998	M
BW.GELB	11.251	48.163	980.776	M
BW.GRMB	11.264	48.141	1023.159	M
BW.KW1	12.597	48.122	2966.576	H
BW.MGS01	11.510	48.067	1076.118	M
BW.MGS02	11.588	48.078	1090.022	M
BW.MGS03	11.707	48.071	1134.845	M
BW.MGS04	11.719	47.980	1217.973	M
BW.MGS05	11.517	48.000	1123.002	M
BW.MGSBH	11.639	48.030	1170.867	M
BW.RJOB	12.796	47.737	1317.699	M
BW.RTSA	12.842	47.768	1795.178	M
BW.SCE	11.709	47.038	145.810	L
BW.TON	11.289	48.174	985.901	M
BW.WRNG	11.731	47.826	1636.908	M
C4.CERN1	6.055	46.236	1639.718	M
C4.CERN5	6.076	46.310	1552.621	M
C4.CERNS	6.066	46.267	1549.025	M
CH.ACB	8.255	47.588	1074.859	M
CH.AIGLE	6.953	46.342	1246.563	M
CH.BALST	7.695	47.336	1194.342	M
CH.BAULM	6.468	46.787	1525.598	M
CH.BERGE	8.178	47.872	1140.792	M
CH.BERNI	10.023	46.414	891.376	M
CH.BNALP	8.425	46.870	1438.140	M
CH.BOURR	7.230	47.394	1354.009	M
CH.BRANT	6.473	46.938	1604.798	M
CH.CHAMB	6.612	46.782	1554.505	M
CH.CHASS	7.121	47.161	1304.695	M
CH.COLLE	6.121	46.292	1508.264	M
CH.DAGMA	8.012	47.231	1279.099	M
CH.DAVOX	9.880	46.781	1117.098	M
CH.DIX	7.408	46.081	1191.236	M
CH.EMBD	7.832	46.217	1123.941	M
CH.EMING	8.847	47.895	1128.928	M
CH.EMMET	8.014	47.438	1304.946	M
CH.FIESA	8.111	46.435	1168.028	M
CH.FULLY	7.136	46.156	1193.687	M
CH.FUORN	10.264	46.620	879.489	M
CH.FUSIO	8.663	46.455	1023.562	M
CH.GIMEL	6.265	46.534	2002.953	H
CH.GRIMS	8.319	46.578	1127.743	M
CH.GRYON	7.111	46.251	1242.065	M
CH.HASLI	8.151	46.757	1194.124	M
CH.HAUIG	7.700	47.660	1072.969	M
CH.ILLEZ	6.940	46.219	1297.491	M
CH.JAUN	7.291	46.634	1669.623	M
CH.LADOL	6.132	46.432	1622.530	M
CH.LAUCH	7.772	46.416	1078.588	M
CH.LIENZ	9.492	47.294	1407.562	M
CH.LKBD2	7.644	46.375	1182.012	M
CH.LLS	9.008	46.847	1069.502	M
CH.MESRY	6.308	46.347	1751.915	M
CH.METMA	8.253	47.712	1105.031	M
CH.MFERR	7.112	45.951	1192.011	M
CH.MMK	7.964	46.051	1037.422	M
CH.MTI02	7.165	47.379	1359.263	M
CH.MUGIO	9.042	45.922	959.358	M
CH.MUO	8.637	46.968	1344.881	M
CH.MUTEZ	7.649	47.506	1344.166	M
CH.NALPS	8.748	46.595	969.421	M
CH.PANIX	9.112	46.826	1028.124	M
CH.PERON	5.908	46.191	1705.343	M
CH.PLONS	9.381	47.049	1080.013	M
CH.ROMAN	9.336	47.564	1173.425	M
CH.ROTHE	7.921	47.476	1397.301	M
CH.SAIRA	7.086	47.303	1282.408	M
CH.SALAN	6.973	46.144	1290.273	M
CH.SALEV	6.097	46.060	1555.576	M
CH.SAVIG	5.973	46.066	1474.012	M
CH.SENIN	7.299	46.363	1334.172	M
CH.SIMPL	8.020	46.240	1049.267	M
CH.SLE	8.492	47.764	1069.749	M
CH.SULZ	8.112	47.528	1185.111	M
CH.TORNY	6.959	46.774	1506.521	M
CH.TRULL	8.682	47.649	1060.135	M
CH.VANNI	7.597	46.210	1179.753	M
CH.VDL	9.449	46.483	931.775	M
CH.VDR	9.166	46.206	915.577	M
CH.VINZL	6.278	46.452	1946.109	M
CH.VMV	9.022	46.423	1013.050	M
CH.WALHA	9.123	47.753	1065.716	M
CH.WGT	8.925	47.098	1439.345	M
CH.WILA	8.908	47.415	1229.490	M
CH.WIMIS	7.624	46.665	1531.141	M
CH.WOLEN	7.369	46.998	1397.104	M
CH.ZUR	8.581	47.369	1229.009	M
CL.AGRP	21.723	38.396	530.490	L
CL.MG06	21.946	38.413	655.835	L
CL.PSAM	22.184	38.322	618.422	L
CL.ROD3	21.892	38.308	611.055	L
CL.TRIZ	22.073	38.365	664.880	L
CR.DBRK	18.147	42.669	1012.046	M
CR.MORI	15.707	43.866	360.018	L
CR.MOSL	16.754	45.614	467.773	L
CR.OZLJ	15.467	45.615	269.269	L
CR.STON	17.700	42.872	767.432	L
CR.ZAG	15.994	45.829	1354.477	M
CZ.JAVC	17.671	48.859	705.975	L
CZ.KRUC	16.395	49.062	592.542	L
CZ.MAUC	17.828	49.365	0.000	B
CZ.MORC	17.543	49.777	577.879	L
CZ.PRA	14.433	50.070	252.698	L
CZ.STAC	15.300	49.030	599.286	L
CZ.VRAC	16.593	49.308	546.527	L
FR.ABJF	0.761	45.574	1590.900	M
FR.ADHE	4.770	44.374	2296.544	H
FR.AGO	3.132	46.050	1507.703	M
FR.AJAC	8.763	41.928	2423.271	H
FR.ARBF	5.332	43.492	2739.396	H
FR.ARTF	5.807	43.588	2314.245	H
FR.ASEAF	5.984	42.801	12995.620	H
FR.BALS	3.452	44.520	1527.404	M
FR.BANN	4.156	44.369	1610.195	M
FR.BLAF	6.045	43.951	1953.305	M
FR.BOUC	6.256	47.247	1261.770	M
FR.BRGF	1.771	45.957	1567.619	M
FR.BSTF	5.643	43.801	2095.373	H
FR.CALF	6.922	43.753	2339.271	H
FR.CFF	3.111	45.763	1551.153	M
FR.CHLF	3.844	46.558	1505.485	M
FR.CHMF	6.652	47.248	1253.825	M
FR.CLAF	3.090	43.135	1744.241	M
FR.COLF	3.694	45.500	1487.795	M
FR.EILF	7.131	43.548	2229.810	H
FR.ENAUX	6.777	44.109	1945.801	M
FR.ESCA	7.374	43.831	2727.391	H
FR.FAHY	5.463	47.505	1392.989	M
FR.FOURG	5.811	47.104	1390.479	M
FR.FRNF	2.561	45.385	1487.788	M
FR.GARF	1.591	46.515	1690.811	M
FR.GRN	5.744	45.241	1680.801	M
FR.GZNF	2.201	46.174	1551.992	M
FR.HRSF	2.701	46.521	1552.619	M
FR.ILLF	7.254	47.683	1287.989	M
FR.ISO	7.050	44.184	1645.514	M
FR.LBL	3.246	45.231	1430.685	M
FR.LEUC	2.554	44.761	1511.461	M
FR.MFC	6.920	43.967	2555.565	H
FR.MIGAL	6.033	43.080	2335.494	H
FR.MLYF	5.768	43.988	2513.593	H
FR.MON	7.425	43.730	2699.572	H
FR.MONQ	1.194	44.367	1576.653	M
FR.MORSI	9.363	42.953	2079.620	H
FR.MVIF	7.153	43.896	2120.451	H
FR.NIMR	7.203	43.680	2207.143	H
FR.OG02	6.220	46.154	1762.905	M
FR.OG35	5.571	46.045	1479.247	M
FR.OGAG	6.540	44.788	1281.193	M
FR.OGCB	5.097	44.850	1817.853	M
FR.OGCC	5.550	44.429	2938.424	H
FR.OGCN	5.089	45.154	2356.861	H
FR.OGCY	6.712	45.472	1213.291	M
FR.OGDF	5.069	44.557	2370.144	H
FR.OGDI	6.225	44.109	2417.628	H
FR.OGGL	4.611	45.878	1391.565	M
FR.OGJA	6.710	44.910	1351.085	M
FR.OGLC	6.074	44.370	1813.987	M
FR.OGMO	6.683	45.209	1247.341	M
FR.OGMY	5.889	45.881	1464.451	M
FR.OGRV	4.752	46.346	1405.560	M
FR.OGS3	5.806	45.070	1140.394	M
FR.OGSA	6.401	45.037	1280.746	M
FR.OGSI	6.757	46.056	1192.027	M
FR.OGSM	5.697	45.609	1510.876	M
FR.OGVA	6.682	46.330	1545.362	M
FR.OGVG	6.112	44.815	1275.915	M
FR.PIAF	7.617	44.116	1903.390	M
FR.PLDF	3.623	45.965	1384.161	M
FR.PLYF	4.743	46.957	1447.084	M
FR.PRABE	5.993	45.234	1281.570	M
FR.REST	3.859	43.715	1716.362	M
FR.RIVEL	5.922	46.759	1476.327	M
FR.RONF	6.645	47.710	1312.721	M
FR.RSL	6.625	45.688	1185.218	M
FR.RUSF	5.482	43.929	2399.556	H
FR.SALSA	6.689	43.881	2448.376	H
FR.SAOF	7.554	43.987	2069.429	H
FR.SAUF	5.106	43.938	2363.010	H
FR.SGSF	3.619	45.048	1499.615	M
FR.SLVF	2.164	44.191	1601.693	M
FR.SMPL	9.285	42.094	2194.734	H
FR.SPIF	7.237	44.056	1813.597	M
FR.STROF	6.601	43.220	1997.552	M
FR.SURF	6.812	44.481	1800.103	M
FR.TAMIE	6.306	45.689	2082.447	H
FR.TRIGF	6.407	43.747	2465.933	H
FR.TURF	7.392	43.975	2033.407	H
FR.VERF	2.484	45.750	1541.018	M
FR.WALT	7.277	47.966	1205.237	M
G.SSB	4.542	45.279	1479.592	M
GE.MARCO	15.806	40.297	1334.797	M
GE.MATE	16.704	40.649	657.867	L
GE.TIRR	28.413	44.458	399.368	L
GR.FUR	11.277	48.164	975.012	M
GR.GEC2	13.701	48.844	676.046	L
GR.GEC7	13.714	48.835	674.489	L
GR.UBR	10.107	47.680	1353.124	M
GU.BHB	7.263	44.836	1448.711	M
GU.BURY	7.557	43.782	2426.284	H
GU.CANO	8.237	44.208	1513.660	M
GU.CARD	10.482	44.026	1111.011	M
GU.CIRO	7.568	45.602	796.025	L
GU.ENR	7.418	44.229	3532.511	H
GU.EQUI	10.153	44.166	1342.126	M
GU.GBOS	7.840	44.242	1986.830	M
GU.GORR	9.293	44.607	1846.723	M
GU.GRAM	10.065	44.490	1715.700	M
GU.GSCL	10.588	44.351	1474.858	M
GU.IMI	7.893	43.910	2621.676	H
GU.MAIM	10.492	43.914	568.463	L
GU.PCP	8.545	44.541	1862.246	M
GU.POPM	10.757	44.045	1092.827	M
GU.PZZ	7.116	44.507	1482.409	M
GU.REMY	7.157	45.838	803.398	M
GU.RNCA	8.951	44.471	3157.386	H
GU.RORO	8.067	44.112	2341.748	H
GU.ROTM	8.353	44.849	2913.512	H
GU.RRL	6.791	44.921	1360.821	M
GU.RSP	7.265	45.148	464.239	L
GU.STV	7.326	44.245	1962.180	M
GU.TRAV	7.747	45.513	1193.818	M
HA.ACOR	22.869	37.891	856.481	M
HA.ATAL	23.021	38.693	724.840	L
HA.ATHR	20.416	38.317	1397.956	M
HA.ATHU	23.785	37.967	1049.752	M
HA.AXAR	22.659	38.766	630.033	L
HA.DOMV	22.980	38.257	739.796	L
HA.EPID	23.119	37.614	2177.701	H
HA.ERTR	23.786	38.407	920.460	M
HA.HAVD	20.385	38.204	1449.505	M
HA.KALE	22.140	38.391	659.924	L
HA.KARY	24.437	38.032	1459.440	M
HA.LAKA	21.979	38.240	603.241	L
HA.LOUT	22.974	37.988	829.362	M
HA.MDRA	23.466	38.061	1189.576	M
HA.MRKA	23.586	38.705	746.091	L
HA.MRTH	23.941	38.123	909.608	M
HA.SERI	24.485	37.161	1080.111	M
HA.SNT1	25.428	36.416	1095.437	M
HA.THAL	22.663	38.036	921.646	M
HA.THIV	23.332	38.299	1609.797	M
HA.VILL	23.312	38.164	861.095	M
HC.CHAN	24.043	35.519	1389.285	M
HC.GVDS	24.058	34.839	562.711	L
HC.IMOD	24.799	34.973	488.791	L
HC.IPPL	24.463	35.349	549.495	L
HC.KNDR	23.625	35.235	688.577	L
HC.KNSS	25.180	35.304	625.070	L
HC.KTHR	22.994	36.245	1570.961	M
HC.PFKS	25.473	35.043	382.794	L
HC.RODP	23.758	35.560	1141.059	M
HC.STIA	26.091	35.202	426.939	L
HL.ANKY	23.301	35.867	1625.840	M
HL.APE	25.523	37.073	1258.504	M
HL.ATH	23.718	37.974	1148.962	M
HL.EVR	21.811	38.917	665.013	L
HL.GVD	24.087	34.839	594.075	L
HL.IACM	25.071	35.306	531.389	L
HL.IDI	24.890	35.288	469.127	L
HL.IMMV	23.981	35.461	621.471	L
HL.ITM	21.925	37.179	1408.131	M
HL.JAN	20.849	39.656	9.938	L
HL.KEK	19.796	39.713	1071.232	M
HL.KLV	22.150	38.044	758.863	L
HL.KSTE	25.337	35.180	514.459	L
HL.KZN	21.782	40.303	360.619	L
HL.LIA	25.181	39.897	1609.615	M
HL.LKR	22.999	38.650	613.124	L
HL.MHLO	24.402	36.690	1131.356	M
HL.NEO	23.222	39.306	589.127	L
HL.NISR	27.131	36.611	954.140	M
HL.NISR2	27.177	36.574	142.778	L
HL.NVR	23.865	41.348	384.037	L
HL.ORTH	20.696	37.851	1445.222	M
HL.PLG	23.444	40.373	747.695	L
HL.PRAS	24.550	41.352	17.138	L
HL.PTL	23.864	38.047	1067.838	M
HL.RDO	25.536	41.145	502.972	L
HL.RLS	21.465	38.056	945.275	M
HL.SAP3	25.345	36.436	3640.692	H
HL.SIVA	24.812	35.018	513.386	L
HL.TETR	21.275	39.344	640.016	L
HL.THERA	25.475	36.367	1211.010	M
HL.THI2	23.211	38.373	1476.679	M
HL.THL	22.014	39.565	396.911	L
HL.THVA	23.336	38.330	1395.414	M
HL.VAM	24.200	35.407	681.366	L
HL.VLI	22.947	36.718	2008.422	H
HL.VLS	20.589	38.177	1205.521	M
HL.VLY	23.794	37.852	1048.292	M
HL.ZKR	26.217	35.115	443.544	L
HP.AMPL	21.213	38.922	445.751	L
HP.ANX	21.921	38.593	44.509	L
HP.AXS	21.376	38.196	521.295	L
HP.DRO	21.710	37.952	787.607	L
HP.DSF	22.527	38.411	573.105	L
HP.EFP	21.906	38.427	593.543	L
HP.FSK	20.562	38.459	1272.637	M
HP.GUR	22.342	37.936	767.616	L
HP.KSTR	20.576	39.249	54.528	L
HP.LTHK	20.837	37.709	1695.803	M
HP.LTK	22.967	38.023	805.282	M
HP.PDO	21.183	38.599	693.260	L
HP.PLEV	21.407	38.412	582.725	L
HP.PRMD	21.096	39.530	298.959	L
HP.PVO	21.525	38.616	1061.108	M
HP.PYL	21.742	36.895	1626.572	M
HP.SERG	22.057	38.413	631.673	L
HP.UPR	21.786	38.284	279335.050	H
HP.VLX	22.379	37.370	786.279	L
HP.VVK	21.812	38.422	760.621	L
HT.ALN	26.046	40.885	682.435	L
HT.CHOS	26.051	38.387	1126.455	M
HT.CMBO	25.406	36.471	5788.311	H
HT.DRAG	20.575	38.684	2.543	L
HT.EVGI	20.656	38.621	1271.469	M
HT.GRG	22.401	40.957	1018.607	M
HT.HORT	23.100	40.598	414.670	L
HT.IGT	20.330	39.532	699.685	L
HT.KAVA	24.514	40.997	984.788	M
HT.KNT	22.898	41.162	6.627	L
HT.KOKK	23.999	40.818	674.112	L
HT.KPRO	21.363	39.955	582.540	L
HT.KRND	23.150	37.383	1315.650	M
HT.LKD2	20.658	38.789	1828.564	M
HT.NEST	21.049	40.415	525.782	L
HT.OUR	23.979	40.333	686.582	L
HT.PAIG	23.677	39.936	906.704	M
HT.RTZL	20.771	38.076	746.242	L
HT.SIGR	25.855	39.211	1325.954	M
HT.SOH	23.354	40.822	458.804	L
HT.THAS	24.719	40.606	1059.716	M
HT.THE	22.963	40.632	387.007	L
HT.XOR	23.192	39.366	528.498	L
HU.ABAH	21.240	48.296	388.512	L
HU.BEHE	16.776	46.471	789.533	L
HU.BSZH	20.267	47.300	760.512	L
HU.BUD	19.020	47.483	446.440	L
HU.CSKK	18.261	47.363	404.794	L
HU.EGYH	17.332	47.416	787.110	L
HU.KOVH	18.100	46.088	437.420	L
HU.LTVH	21.901	47.385	545.564	L
HU.MORH	18.644	46.215	463.339	L
HU.MPLH	17.535	47.171	492.489	L
HU.PSZ	19.894	47.918	409.218	L
HU.SOP	16.557	47.681	563.502	L
IV.ACER	15.943	40.787	1619.488	M
IV.AGLI	9.173	41.127	2010.757	H
IV.AIO	15.233	37.971	862.420	M
IV.ALJA	13.754	37.749	1123.677	M
IV.AMUR	16.604	40.907	621.732	L
IV.AOI	13.602	43.550	752.810	L
IV.APEC	12.420	43.558	1129.933	M
IV.APRC	15.543	41.757	538.979	L
IV.ARCI	11.475	42.852	715.041	L
IV.ARVD	12.942	43.498	642.642	L
IV.ASSB	12.659	43.043	610.703	L
IV.ATFO	12.572	43.367	714.226	L
IV.ATMI	12.268	43.334	788.336	L
IV.ATPC	12.457	43.481	797.376	L
IV.BDI	10.597	44.062	1031.012	M
IV.BOB	9.448	44.768	1998.668	M
IV.BOZZ	10.482	45.107	3524.874	H
IV.BRMO	10.372	46.476	884.598	M
IV.CAAM	14.142	40.820	5392.085	H
IV.CAFE	15.237	41.028	2000.272	H
IV.CAMP	13.409	42.536	667.341	L
IV.CAPA	15.817	41.158	680.342	L
IV.CASP	10.865	42.791	127.043	L
IV.CAVT	12.756	37.679	1907.392	M
IV.CBAC	14.081	40.811	3650.143	H
IV.CDRU	15.305	40.490	902.405	M
IV.CERA	14.018	41.598	1003.819	M
IV.CERT	12.982	41.949	821.026	M
IV.CESI	12.905	43.005	671.164	L
IV.CESX	12.587	42.608	791.404	L
IV.CFMN	14.090	40.833	3220.826	H
IV.CGL	9.296	39.366	1462.829	M
IV.CIGN	14.905	41.654	2232.830	H
IV.CMIS	14.089	40.778	5827.279	H
IV.CMPR	15.303	40.318	1302.155	M
IV.CMSN	14.182	40.838	5382.214	H
IV.CNIS	14.163	40.798	6443.811	H
IV.COLB	14.145	40.819	5460.835	H
IV.CPOZ	14.119	40.821	8882.435	H
IV.CRE	11.952	43.619	890.843	M
IV.CRJA	13.004	37.802	2050.615	H
IV.CRMI	10.980	43.796	1072.877	M
IV.CROCE	14.534	36.833	1100.802	M
IV.CRTC	12.883	43.768	853.113	M
IV.CRTO	14.422	40.821	3395.295	H
IV.CSFT	14.140	40.829	21.961	L
IV.CSNT	11.290	43.473	826.781	M
IV.CSOB	14.144	40.826	5340.899	H
IV.CSTH	14.149	40.829	4502.515	H
IV.ECBD	15.086	37.780	1446.057	M
IV.ECHR	14.913	37.686	2343.564	H
IV.ECNE	15.002	37.765	1107.982	M
IV.ECPN	14.986	37.744	1239.379	M
IV.ECTS	15.121	37.882	894.202	M
IV.ECZM	14.904	37.731	1958.536	M
IV.EMAS	15.053	37.579	2065.509	H
IV.EMCN	15.034	37.791	1275.257	M
IV.EMFO	15.090	37.736	1118.025	M
IV.EMFS	14.998	37.720	984.084	M
IV.EMNR	15.026	37.817	1466.520	M
IV.EMPL	14.970	37.679	1449.158	M
IV.EMSA	14.945	37.498	2442.209	H
IV.EMSG	14.950	37.821	1380.667	M
IV.ENIC	15.022	37.631	1086.272	M
IV.EPDN	15.017	37.766	1077.014	M
IV.EPMN	15.177	37.820	982.373	M
IV.EPOZ	15.188	37.672	1698.734	M
IV.EPZF	14.857	37.824	1955.656	M
IV.ESAL	15.134	37.755	1718.024	M
IV.ESCV	14.815	37.747	1335.387	M
IV.ESLN	14.974	37.693	1268.774	M
IV.ESML	14.879	37.618	1395.372	M
IV.ESPC	15.027	37.693	604.824	L
IV.ESVO	14.947	37.773	2145.721	H
IV.EVRN	15.136	37.689	1252.870	M
IV.FAGN	13.584	42.266	689.957	L
IV.FAVA	13.660	37.329	3342.237	H
IV.FDMO	13.087	43.036	662.833	L
IV.FIAM	13.117	42.268	669.658	L
IV.FNVD	11.123	44.168	70.055	L
IV.FVI	12.780	46.597	599.724	L
IV.GATE	14.910	41.513	1300.546	M
IV.GIB	14.026	37.990	768.607	L
IV.GIGS	13.573	42.453	718.139	L
IV.GIUL	13.255	41.558	nan	B
IV.GIZZ	16.208	38.980	890.398	M
IV.GUMA	13.335	43.063	910.615	M
IV.HMDC	14.783	36.959	1236.595	M
IV.HSRS	15.222	37.093	546.630	L
IV.HVIT	14.522	36.993	1085.824	M
IV.IFOR	13.855	40.712	3160.491	H
IV.INTR	13.905	42.012	675.227	L
IV.IOCA	13.901	40.747	3132.252	H
IV.IST3	15.230	38.799	2433.113	H
IV.ISTR	15.192	38.787	2076.094	H
IV.IVGP	14.961	38.397	1588.157	M
IV.IVLT	14.948	38.396	2223.021	H
IV.LATE	11.804	42.614	1093.228	M
IV.LAV9	12.699	41.678	896.776	M
IV.LIBRI	14.929	38.084	1121.438	M
IV.LINA	12.864	35.861	2372.288	H
IV.LNSS	13.040	42.603	687.116	L
IV.LPDG	12.630	35.518	2031.055	H
IV.LPEL	14.183	42.047	862.758	M
IV.MA9	12.659	41.770	900.893	M
IV.MABI	10.514	46.055	32.971	L
IV.MAGA	10.629	45.775	801.967	M
IV.MARIO	13.433	37.954	1398.556	M
IV.MARS	12.565	37.753	4886.993	H
IV.MBAL	10.859	45.698	782.980	L
IV.MBFT	12.953	37.946	893.277	M
IV.MCT	13.608	37.619	1322.009	M
IV.MDI	9.716	45.770	788.368	L
IV.MESG	17.850	40.589	923.528	M
IV.MFNL	12.922	37.791	757.007	L
IV.MGAB	12.112	42.913	762.463	L
IV.MGR	15.554	40.138	1162.963	M
IV.MIDA	14.254	41.642	886.218	M
IV.MIGL	16.441	40.604	1191.287	M
IV.MILN	9.232	45.480	3046.601	H
IV.MILZ	15.231	38.271	880.729	M
IV.MMGO	12.977	37.662	645.647	L
IV.MOCO	15.158	41.370	1837.290	M
IV.MOMA	12.570	42.804	408.549	L
IV.MONC	7.927	45.074	2853.423	H
IV.MPG	13.360	38.162	952.873	M
IV.MRB1	14.968	41.123	2239.967	H
IV.MRCB	15.703	38.162	667.743	L
IV.MRGE	7.061	45.770	1080.634	M
IV.MRLC	15.489	40.756	994.994	M
IV.MRVN	16.196	41.061	604.016	L
IV.MSSA	9.517	44.316	1048.715	M
IV.MTCE	12.742	42.023	856.227	M
IV.MTGR	12.759	37.893	0.474	L
IV.MTRZ	11.425	44.313	2634.528	H
IV.MTSN	15.752	40.266	1525.265	M
IV.MTTG	15.700	38.003	726.809	L
IV.MUCR	14.874	38.043	1044.251	M
IV.MURB	12.525	43.263	806.835	M
IV.NARO	12.581	43.611	642.670	L
IV.NDIM	10.899	44.887	1286.989	M
IV.NOCI	17.064	40.789	652.113	L
IV.NRCA	13.114	42.834	625.594	L
IV.OFFI	13.686	42.935	675523.020	H
IV.OPPE	11.172	45.308	935.259	M
IV.ORI	16.450	40.051	1265.808	M
IV.ORZI	9.931	45.406	3044.287	H
IV.OSSC	11.246	43.524	894.550	M
IV.OVO	14.397	40.828	3538.746	H
IV.PANTE	11.995	36.810	1483.453	M
IV.PARC	12.239	43.649	849.201	M
IV.PESA	12.840	43.941	735.235	L
IV.PGEL	11.979	36.794	1356.549	M
IV.PGHD	12.040	36.771	1127.591	M
IV.PIEI	12.535	43.536	742.942	L
IV.PIGN	14.180	41.200	907.700	M
IV.PII	10.525	43.722	1355.566	M
IV.PLAC	16.438	38.449	681.238	L
IV.PLMA	9.854	44.050	2008.632	H
IV.PRMA	10.313	44.764	2278.516	H
IV.PTCC	13.354	46.407	710.081	L
IV.PTMR	14.035	40.761	8032.702	H
IV.PTQR	13.401	42.022	680.125	L
IV.PTRP	16.061	40.521	1587.224	M
IV.PZIN	11.973	36.812	1959.441	M
IV.PZUN	15.807	40.646	2165.677	H
IV.QLNO	8.346	44.324	2341.140	H
IV.RMP	12.705	41.812	2276.862	H
IV.RNI2	14.152	41.703	1982.709	M
IV.ROSPO	14.931	42.236	3654.783	H
IV.ROVR	11.072	45.647	781.849	L
IV.RSM2	12.445	43.938	1496.918	M
IV.SACS	11.910	42.849	987.650	M
IV.SALB	16.346	39.877	759.196	L
IV.SARZ	8.914	44.867	7.221	L
IV.SCIAC	13.102	37.516	660.666	L
IV.SELL	16.628	38.983	233.116	L
IV.SGO	15.307	40.560	1083.060	M
IV.SIRI	15.867	40.182	1676.879	M
IV.SNAL	15.209	40.925	2237.950	H
IV.SNTG	12.941	43.255	699.772	L
IV.SOLUN	13.533	38.092	2313.615	H
IV.SORR	14.336	40.583	1509.785	M
IV.SPS2	16.339	39.291	296.424	L
IV.SRES	12.510	42.237	748.893	L
IV.SSFR	12.782	43.436	603.241	L
IV.STAL	12.710	46.260	698.325	L
IV.STRG	15.215	38.810	2318.755	H
IV.TDS	16.338	39.660	748.276	L
IV.TOLF	12.000	42.064	2408.110	H
IV.TREM	15.510	42.123	735.197	L
IV.TRIV	14.550	41.767	1470.674	M
IV.TRTR	13.914	42.808	2065.838	H
IV.VAGA	14.234	41.415	1031.017	M
IV.VARE	8.770	45.868	1038.828	M
IV.VBKE	14.439	40.819	3097.824	H
IV.VBKN	14.430	40.830	3080.779	H
IV.VCRE	14.431	40.819	3462.584	H
IV.VISG	11.434	44.189	499.636	L
IV.VITU	14.630	41.183	1191.115	M
IV.VIVA	12.770	41.750	1024.735	M
IV.VMAN	10.663	45.313	2353.712	H
IV.VMGN	11.533	43.955	556.581	L
IV.VTIR	14.424	40.806	1760.693	M
IV.VULT	15.616	40.955	877.526	M
IV.VVDG	14.424	40.836	3288.904	H
IV.ZCCA	10.976	44.351	2966.316	H
IX.AND3	15.333	40.930	2682.560	H
IX.COL3	15.330	40.687	1081.578	M
IX.PGN3	15.797	40.572	1243.388	M
IX.RSF3	15.176	40.964	967.334	M
IX.SRN3	15.458	40.486	1044.812	M
KO.CRLT	27.736	41.129	863.693	M
KO.EDRB	26.744	41.847	256.007	L
KO.ENEZ	26.153	40.736	1224.853	M
KO.ERIK	26.513	40.671	530.160	L
KO.GADA	25.899	40.191	1371.461	M
KO.GAZK	27.328	40.748	885.000	M
KO.GELI	26.474	40.398	778.082	L
KO.PHSR	27.524	41.631	323.230	L
KO.RKY	27.178	40.687	412.403	L
MD.KIS	28.817	46.998	321.954	L
MD.PURM	29.872	46.529	431.105	L
MD.SORM	28.351	48.135	315.390	L
ML.MSDA	14.484	35.901	1142.808	M
ML.XLND	14.220	36.032	1495.407	M
MN.AQU	13.405	42.354	624.334	L
MN.BLY	17.184	44.749	576.919	L
MN.CUC	15.816	39.994	1082.207	M
MN.PDG	19.261	42.430	494.677	L
MN.SENA	9.457	40.444	1853.117	M
MN.TUE	9.347	46.472	960.369	M
MN.VLC	10.386	44.159	1214.130	M
MN.VSL	9.378	39.496	1541.123	M
MN.WDD	14.524	35.837	1135.904	M
MT.AVM	5.675	44.942	1213.919	M
MT.AVP	5.672	44.941	1191.994	M
MT.AVR	5.653	44.956	1402.601	M
NI.PALA	12.924	46.245	783.780	L
NI.POLC	12.501	46.027	45.945	L
NI.PURA	12.742	46.426	761.144	L
NI.VINO	13.275	46.254	526.300	L
OE.ABTA	12.512	46.747	660.494	L
OE.ARSA	15.523	47.251	565.414	L
OE.BIOA	13.638	47.691	1057.584	M
OE.CONA	15.862	47.928	624.724	L
OE.CSNA	15.859	47.928	625.949	L
OE.DAVA	9.880	47.287	1180.593	M
OE.FETA	10.729	47.021	875.908	M
OE.KBA	13.345	47.078	710.135	L
OE.LESA	12.677	47.424	792.174	L
OE.MOA	14.266	47.849	862.195	M
OE.MOTA	11.104	47.345	806.945	M
OE.MYKA	13.642	46.630	618.156	L
OE.OBKA	14.549	46.509	617.036	L
OE.RETA	10.762	47.487	1082.555	M
OE.RONA	16.296	47.700	551.385	L
OE.SOKA	15.033	46.678	509.040	L
OE.SQTA	11.209	47.221	843.242	M
OE.VIE	16.362	48.248	871.383	M
OE.WATA	11.576	47.336	796.339	L
OE.WTTA	11.636	47.264	791.147	L
OT.CGL1	17.517	40.648	162.468	L
OT.TAR1	17.285	40.526	708.866	L
OX.ACOM	13.514	46.548	637.307	L
OX.AGOR	12.047	46.233	563.840	L
OX.BOO	13.098	46.319	613.076	L
OX.CAE	12.438	46.009	912.945	M
OX.CIMO	12.445	46.312	702.359	L
OX.CLUD	12.881	46.457	694.359	L
OX.MPRI	12.988	46.241	939.301	M
OX.VARN	12.105	45.992	616.592	L
PL.KWP	22.707	49.631	784.266	L
PL.NIE	20.300	49.418	259.823	L
PL.OJC	19.798	50.219	541.156	L
RD.FLAF	6.255	43.383	2170.181	H
RD.LFF	0.740	44.940	2224.056	H
RD.LOR	3.859	47.268	1321.468	M
RD.MTLF	2.217	43.341	1574.731	M
RD.ORIF	5.880	44.918	1091.423	M
RD.PGF	8.999	42.548	2065.298	H
RD.RJF	1.516	45.304	1435.905	M
RO.AMRR	27.335	44.610	845.024	M
RO.ARR	24.633	45.366	246.230	L
RO.BAIL	23.345	44.020	638.622	L
RO.BANR	21.137	45.383	765.022	L
RO.BIR	27.644	46.233	667.584	L
RO.BISRR	26.710	45.548	1139.997	M
RO.BOSR	25.661	46.075	396.934	L
RO.BURAR	25.200	47.644	nan	B
RO.BZS	21.640	45.619	326.601	L
RO.CEIR	22.496	47.685	483.638	L
RO.CFR	28.136	45.178	295.161	L
RO.CHLR	29.289	45.425	295.782	L
RO.CJR	23.598	46.713	282.973	L
RO.COPA	25.217	44.134	442.454	L
RO.CRAR	23.800	44.325	543.422	L
RO.CVD1	28.062	44.321	407.549	L
RO.DEV	22.898	45.887	264.574	L
RO.DRGR	22.711	46.792	293.756	L
RO.EFOR	28.632	44.075	320.408	L
RO.HARR	27.930	44.689	334.209	L
RO.HERR	22.416	44.881	308.349	L
RO.HUMR	24.980	44.528	743.224	L
RO.IASR	27.575	47.178	251.986	L
RO.ICOR	27.801	44.117	479.738	L
RO.ISR	26.543	45.119	656.329	L
RO.IZVR	27.765	45.544	318.677	L
RO.JOSR	25.515	46.706	157.129	L
RO.LEHL	26.819	44.474	985.344	M
RO.LEOM	28.247	46.473	401.820	L
RO.MDVR	21.713	44.782	315.895	L
RO.MFTR	28.422	44.178	488.771	L
RO.MLR	25.945	45.491	329.321	L
RO.NARR	26.737	45.816	389.985	L
RO.NEHR	26.295	45.427	52.583	L
RO.ONER	26.394	46.335	68.538	L
RO.PANC	27.148	45.872	1373.373	M
RO.PGOR	26.977	44.920	1250.534	M
RO.PLOR	26.650	45.851	383.507	L
RO.PLOR4	26.650	45.851	383.507	L
RO.PUNG	22.933	44.278	321.300	L
RO.RMGR	22.692	44.663	452.912	L
RO.SCHL	27.830	45.501	529.890	L
RO.SCHLR	27.831	45.470	254.539	L
RO.SRE	23.204	44.661	830.958	M
RO.STFAR	24.961	44.863	839.869	M
RO.SULR	26.253	44.678	895.330	M
RO.TESR	26.649	46.512	33.136	L
RO.TGMR	24.522	46.528	556.667	L
RO.TLCR	28.815	45.186	444.413	L
RO.TPGR	28.420	44.856	664.006	L
RO.TSSL	29.727	45.162	1490.706	M
RO.TUDR	27.669	45.594	1105.683	M
RO.VARL	27.849	45.900	520.665	L
RO.VASR	27.791	46.642	42.788	L
RO.VLAD	24.404	43.999	567.591	L
RO.VLDR	28.081	45.844	407.733	L
RO.VOIR	25.049	45.437	237.227	L
RO.ZIMR	25.365	43.657	369.819	L
SI.ABSI	11.320	46.728	798.615	L
SI.BOSI	11.319	46.495	665.553	L
SI.KOSI	11.378	46.463	820.257	M
SI.LUSI	10.944	45.959	708.568	L
SI.MOSI	10.550	46.616	893.216	M
SI.ROSI	11.412	46.928	679.048	L
SK.KOLS	22.273	48.933	593.165	L
SK.MODS	17.277	48.373	1053.635	M
SK.ZST	17.102	48.196	18588.744	H
SL.BOJS	15.252	45.504	558.899	L
SL.CADS	13.737	46.228	348.583	L
SL.CEY	14.422	45.738	634.687	L
SL.CRES	15.457	45.826	603.284	L
SL.DOBS	15.470	46.150	573.442	L
SL.GBAS	14.443	45.935	618.976	L
SL.GBRS	14.810	45.531	522.425	L
SL.GCIS	15.627	45.867	635.579	L
SL.GOLS	15.624	46.011	614.797	L
SL.GORS	14.000	46.317	623.542	L
SL.GROS	15.502	46.461	303.472	L
SL.JAVS	14.064	45.893	670.041	L
SL.KNDS	14.381	45.528	630.122	L
SL.KOGS	16.250	46.448	592.345	L
SL.LJU	14.528	46.044	648.914	L
SL.MOZS	14.443	46.294	691.319	L
SL.PDKS	14.998	46.061	1363.903	M
SL.PERS	15.114	46.636	514.873	L
SL.ROBS	13.509	46.245	386.281	L
SL.SKDS	14.014	45.546	564.865	L
SL.VISS	14.839	45.803	629.446	L
SL.VNDS	14.701	46.102	837.323	M
SL.VOJS	13.888	46.032	830.127	M
SL.ZAVS	15.025	46.434	540.221	L
ST.DOSS	11.188	45.881	729.229	L
ST.GAGG	10.959	46.084	385.704	L
TV.SU26	8.490	39.123	1009.320	M
XP.FR01A	4.072	46.956	1434.342	M
XP.FR02A	3.498	46.910	1560.176	M
XP.FR03A	3.246	46.612	1903.094	M
XP.FR04A	4.582	46.596	1382.411	M
XP.FR05A	2.090	46.544	1584.520	M
XP.FR06A	3.447	46.378	1449.464	M
XP.FR07A	1.297	46.196	1679.168	M
XP.FR08A	4.124	46.203	1438.040	M
XP.FR09A	2.630	46.138	1463.830	M
XP.FR10A	0.895	45.982	1665.630	M
XP.FR12A	1.243	45.745	1602.415	M
XP.FR13A	1.962	45.581	1564.597	M
XP.FR15A	1.075	45.265	1552.403	M
XP.FR16A	3.970	45.273	1462.332	M
XP.FR17A	2.259	45.145	1528.390	M
XP.FR18A	2.807	44.967	1626.263	M
XP.FR19A	1.774	44.944	1470.699	M
XP.FR20A	1.246	44.931	1866.020	M
XP.FR21A	4.452	44.892	1480.889	M
XP.FR22A	3.802	44.646	1501.623	M
XP.FR23A	3.340	44.734	1532.459	M
XP.FR24A	1.543	44.660	2062.461	H
XP.FR25A	2.079	44.603	1480.869	M
XP.FR26A	4.575	44.514	2174.455	H
XP.FR27A	2.583	44.396	1593.512	M
XP.FR28A	3.129	44.266	1668.870	M
XP.FR29A	3.587	44.206	1606.565	M
XP.FR30A	1.667	44.056	1754.860	M
XP.FR31A	4.528	44.051	2166.393	H
XP.FR32A	2.597	44.011	1543.858	M
XP.FR33A	2.261	43.803	1488.201	M
XP.FR34A	3.352	43.728	1444.036	M
XP.FR35A	2.692	43.551	1457.543	M
Y5.BH01A	18.963	43.626	517.085	L
Y5.BH02A	18.424	43.875	536.511	L
Y5.BH03A	17.689	43.821	450.136	L
Y5.BH04A	17.794	43.348	676.319	L
Y5.BH05A	18.585	43.170	644.108	L
Y5.BH06A	18.446	43.502	505.816	L
Y5.BH07A	18.036	43.751	585.576	L
Y5.BH08A	18.008	44.236	640.475	L
Y5.BH09A	16.616	44.786	680.393	L
Y5.BH10A	17.166	44.069	565.325	L
Y5.BH11A	16.531	44.482	286.228	L
Y5.BH12A	17.157	44.393	559.819	L
Y5.BH13A	16.320	44.891	469.763	L
Y5.BH14A	17.657	44.514	435.687	L
Y5.BH15A	18.465	45.058	1086.146	M
Y5.BH16A	18.089	44.726	511.729	L
Y5.BH17A	18.551	44.384	529.142	L
Y5.BH18A	18.997	44.770	863.606	M
Y5.BH19A	19.093	44.398	147.856	L
Y5.BH20A	17.662	45.093	535.934	L
Y8.AVR	27.669	43.119	374.269	L
Y8.BG01A	27.193	43.689	342.462	L
Y8.BG02A	27.709	43.629	407.576	L
Y8.BG03A	26.938	43.132	1346.048	M
Y8.BG04A	26.461	42.834	400.924	L
Y8.BG05A	27.199	42.604	318.985	L
Y8.BG11A	26.255	42.061	299.923	L
Y8.BG12A	26.780	42.118	230.731	L
Y8.BG13A	27.729	42.088	290.683	L
Y8.BG19A	25.956	43.718	378.997	L
Y8.JURR	28.877	44.766	558.265	L
Y8.PL01A	22.684	49.064	508.238	L
Y8.PL02A	22.537	49.378	680.184	L
Y8.PL03A	22.897	50.022	871.785	M
Y8.PL05A	22.121	49.260	655.065	L
Y8.PL06A	22.137	49.594	874.527	M
Y8.PL07A	22.404	49.943	675.292	L
Y8.PL08A	22.677	50.376	589.521	L
Y8.PL09A	21.405	49.642	661.047	L
Y8.PL10A	21.890	49.905	939.821	M
Y8.PL12A	21.929	50.579	553.073	L
Y8.PL13A	20.923	49.597	904.278	M
Y8.PL14A	21.070	49.879	636.703	L
Y8.PL15A	21.476	50.231	475.567	L
Y8.PL16A	21.355	50.592	527.035	L
Y8.PL17A	20.301	49.601	707.249	L
Y8.PL18A	20.506	49.970	521.316	L
Y8.PL19A	20.944	50.283	511.776	L
Y8.PL21A	19.871	49.558	829.179	M
Y8.PL22A	20.074	49.836	550.499	L
Y8.PL23A	20.323	50.234	604.147	L
Y8.PL24A	19.004	49.724	582.900	L
Y8.PL26A	19.174	50.190	610.223	L
Y8.PL27A	18.709	49.902	1081.047	M
Y8.PL30A	17.694	50.144	549.399	L
Y8.PL31A	18.354	50.070	608.961	L
Y8.PL32A	19.862	49.294	471.393	L
Y8.RO01A	23.715	46.235	333.642	L
Y8.RO02A	25.308	46.946	352.700	L
Y8.RO03A	23.876	44.777	693.579	L
Y8.RO04A	27.447	45.078	906.585	M
Y8.RO05A	24.314	44.980	663.893	L
Y8.RO06A	22.339	47.311	1707.042	M
Y8.RO07A	27.109	46.332	689.455	L
Y8.RO09A	20.904	45.716	791.995	L
Y8.RO10A	21.778	45.157	339.192	L
Y8.RO11A	22.813	44.984	297.955	L
Y8.RO13A	24.792	43.830	428.730	L
Y8.RO15A	24.398	44.314	32.438	L
Y8.RO16A	26.575	44.114	49.784	L
Y8.RO17A	25.475	45.028	574.456	L
Y8.RO18A	23.215	45.633	493.079	L
Y8.RO19A	23.316	45.152	79184.151	H
Y8.RO20A	22.097	45.388	294.578	L
Y8.RO22A	24.817	45.765	8.395	L
Y8.RO23A	23.727	45.866	270.446	L
Y8.RO24A	20.620	45.883	1946.492	M
Y8.RO27A	27.107	46.819	476.241	L
Y8.RO28A	24.529	46.836	407.794	L
Y8.RO29A	24.996	46.146	472.203	L
Y8.RO30A	25.690	47.211	381.714	L
Y8.RO31A	21.311	46.278	1091.790	M
Y8.RO32A	23.825	47.221	358.168	L
Y8.RO35A	25.854	46.394	374.646	L
Y8.RO36A	25.124	47.340	292.529	L
Y8.RO37A	24.450	47.460	303.403	L
Y8.RO38A	25.940	47.684	451.519	L
Y8.RO39A	26.646	47.736	389.982	L
Y8.RO43A	26.052	46.624	1058.604	M
Y8.RO45A	27.433	45.450	3093.600	H
Y8.RO46A	27.247	46.612	1208.637	M
Y8.SGRR	25.974	44.223	423.248	L
Z6.A015A	14.994	48.934	614.125	L
Z6.A023A	14.070	48.461	687.866	L
Z6.A025A	14.416	47.521	677.882	L
Z6.A026A	14.551	46.933	600.154	L
Z6.A027A	14.007	46.816	634.267	L
Z6.A028B	13.950	47.095	633.963	L
Z6.A029A	13.761	47.430	736.188	L
Z6.A030A	13.561	47.828	1545.791	M
Z6.A031A	13.498	48.427	734.708	L
Z6.A033A	13.126	47.480	793.131	L
Z6.A034A	13.078	46.911	595.367	L
Z6.A035B	12.642	47.160	703.526	L
Z6.A036A	12.309	47.379	321500038.964	A
Z6.A104C	9.657	48.127	1003.071	M
Z6.A141A	11.849	47.753	2192.066	H
Z6.A143A	11.003	47.684	1530.434	M
Z6.A145A	12.391	47.869	1757.116	M
Z6.A146A	12.975	48.293	971.533	M
Z6.A148B	12.477	48.509	767.349	L
Z6.A260A	16.706	47.283	728.352	L
Z6.A261A	17.149	46.952	759.171	L
Z6.A262A	16.528	46.864	881.103	M
Z6.A263A	17.315	46.641	544.966	L
Z6.A264A	17.290	46.160	818.154	M
Z6.A265A	17.795	46.424	714.593	L
Z6.A266A	18.265	46.526	573.040	L
Z6.A267A	18.482	46.946	530.623	L
Z6.A271A	18.834	47.155	630.783	L
Z6.A272A	18.965	46.744	462.657	L
Z6.A273A	17.816	45.916	743.249	L
Z6.A365A	10.733	48.165	975.070	M
Z6.AL01A	19.549	42.346	401.733	L
Z6.AL02A	19.396	41.409	2713.544	H
Z6.AL03A	20.005	41.602	536.523	L
Z6.AL04A	19.562	41.007	2218.674	H
Z6.AL05A	20.392	40.705	773.834	L
Z6.AL06A	19.758	40.089	1241.053	M
Z6.AL07A	20.679	40.900	501.924	L
Z6.AL08A	20.102	41.105	747.579	L
Z6.CP01A	19.811	50.016	577.393	L
Z6.CP02A	19.970	49.909	546.710	L
Z6.CP03A	20.082	49.747	755.370	L
Z6.CP05A	20.248	49.513	619.219	L
Z6.CP06A	20.269	49.461	612.212	L
Z6.CP07A	20.297	49.336	465.375	L
Z6.CP08A	20.272	49.272	381.329	L
Z6.CP09A	20.282	49.164	411.304	L
Z6.CP10A	20.322	49.035	416.500	L
Z6.CP11A	20.265	48.917	393.433	L
Z6.CP12A	20.284	48.790	403.258	L
Z6.CP13A	20.341	48.712	375.868	L
Z6.CP14A	20.467	48.636	356.304	L
Z6.CP15A	20.521	48.557	356.031	L
Z6.CP16A	20.540	48.342	397.031	L
Z6.GMRK	21.220	42.659	341.875	L
Z6.HU02A	20.525	48.122	337.818	L
Z6.HU04B	19.439	46.814	368.163	L
Z6.HU10A	19.019	47.845	429.500	L
Z6.HU11A	21.168	47.925	817.686	M
Z6.HU12A	20.827	47.183	670.614	L
Z6.HU21A	19.729	46.333	559.173	L
Z6.HU22A	19.131	46.328	526.119	L
Z6.HU23A	20.250	47.639	752.425	L
Z6.HU24A	21.159	46.910	790.736	L
Z6.KKS	20.402	42.073	458.768	L
Z6.ME01A	19.881	42.846	554.089	L
Z6.ME02A	19.122	43.156	608.084	L
Z6.ME03A	19.357	43.350	560.588	L
Z6.ME05A	18.509	42.460	1076.083	M
Z6.NKME	18.953	42.767	647.941	L
Z6.PEJK	20.278	42.643	467.459	L
Z6.PRZK	20.758	42.211	456.040	L
Z6.PVY	19.959	42.594	469.875	L
